platform,terminal_type,brand_group,device_name,android_version,resolution,device_label,is_overseas_label,is_foldable_label
Baidu MTC,Android,360,360 N4A,6.0,1920x1080,360 N4A_6.0_1920x1080,否,否
Baidu MTC,Android,360,360 N6 Pro,7.1.1,2160x1080,360 N6 Pro_7.1.1_2160x1080,否,否
Baidu MTC,Android,360,360 N7,8.1.0,2160x1080,360 N7_8.1.0_2160x1080,否,否
Baidu MTC,Android,360,360 N7 Pro,8.1.0,2160x1080,360 N7 Pro_8.1.0_2160x1080,否,否
Baidu MTC,Android,360,360 N7青春版,8.1.0,2160x1080,360 N7青春版_8.1.0_2160x1080,否,否
Baidu MTC,Android,AGM,AGM X1,5.1.1,1920x1080,AGM X1_5.1.1_1920x1080,否,否
Baidu MTC,Android,AGM,AGM X2,7.1.2,1920x1080,AGM X2_7.1.2_1920x1080,否,否
Baidu MTC,Android,AGM,AGM X5纯享版,9.0,2340x1080,AGM X5纯享版_9.0_2340x1080,否,否
Baidu MTC,Android,ASUS(华硕),华硕 Zenfone Max Plus(海外),7.0,2160x1080,华硕 Zenfone Max Plus(海外)_7.0_2160x1080,是,否
Baidu MTC,Android,ASUS(华硕),华硕 Zenfone Max Pro(海外),9.0,2160x1080,华硕 Zenfone Max Pro(海外)_9.0_2160x1080,是,否
Baidu MTC,Android,ASUS(华硕),华硕 Zenfone 5z(海外),10,2246x1080,华硕 Zenfone 5z(海外)_10_2246x1080,是,否
Baidu MTC,Android,ASUS(华硕),华硕 ZenFone 7(海外),12,2400x1080,华硕 ZenFone 7(海外)_12_2400x1080,是,否
Baidu MTC,Android,ASUS(华硕),华为 Y5 Lite(海外),8.1.0,1440x720,华为 Y5 Lite(海外)_8.1.0_1440x720,是,否
Baidu MTC,Android,ASUS(华硕),华硕 Zenfone 3 Max(海外),8.1.0,1920x1080,华硕 Zenfone 3 Max(海外)_8.1.0_1920x1080,是,否
Baidu MTC,Android,BLU,BLU VIVO XL4(海外),8.1.0,1500x720,BLU VIVO XL4(海外)_8.1.0_1500x720,是,否
Baidu MTC,Android,Civi(小米),小米 Civi 5G,12,2400x1080,小米 Civi 5G_12_2400x1080,否,否
Baidu MTC,Android,Civi(小米),小米 Civi 3,13,2400x1080,小米 Civi 3_13_2400x1080,否,否
Baidu MTC,Android,Civi(小米),小米 Civi2 5G,13,2400x1080,小米 Civi2 5G_13_2400x1080,否,否
Baidu MTC,Android,Civi(小米),小米 Civi 4 Pro,16,2750x1236,小米 Civi 4 Pro_16_2750x1236,否,否
Baidu MTC,Android,DOOGEE (道格),DOOGEE Y8(海外),9.0,1280x600,DOOGEE Y8(海外)_9.0_1280x600,是,否
Baidu MTC,Android,Google,Google Nexus 5X(海外),6.0.1,1920x1080,Google Nexus 5X(海外)_6.0.1_1920x1080,是,否
Baidu MTC,Android,HTC,HTC One E9+(海外),5.0.2,2560x1440,HTC One E9+(海外)_5.0.2_2560x1440,是,否
Baidu MTC,Android,HTC,HTC Desire 10Pro,6.0,1920x1080,HTC Desire 10Pro_6.0_1920x1080,否,否
Baidu MTC,Android,HTC,HTC U-3u(海外),9.0,2560x1440,HTC U-3u(海外)_9.0_2560x1440,是,否
Baidu MTC,Android,HTC,HTC U11,9.0,2560x1440,HTC U11_9.0_2560x1440,否,否
Baidu MTC,Android,HTC,HTC U11+(海外),9.0,2880x1440,HTC U11+(海外)_9.0_2880x1440,是,否
Baidu MTC,Android,HTC,HTC Desire 20Pro(海外),10,2340x1080,HTC Desire 20Pro(海外)_10_2340x1080,是,否
Baidu MTC,Android,HUAWEI(华为),华为荣耀 4X(海外),4.4.2,1280x720,华为荣耀 4X(海外)_4.4.2_1280x720,是,否
Baidu MTC,Android,HUAWEI(华为),华为 G8 Premium(海外),5.1,1920x1080,华为 G8 Premium(海外)_5.1_1920x1080,是,否
Baidu MTC,Android,HUAWEI(华为),华为 P9 Plus(海外),7.0,1920x1080,华为 P9 Plus(海外)_7.0_1920x1080,是,否
Baidu MTC,Android,HUAWEI(华为),荣耀 畅玩 6X(海外),7.0,1920x1080,荣耀 畅玩 6X(海外)_7.0_1920x1080,是,否
Baidu MTC,Android,HUAWEI(华为),华为 Nexus 6P(海外),7.1.1,2560x1440,华为 Nexus 6P(海外)_7.1.1_2560x1440,是,否
Baidu MTC,Android,HUAWEI(华为),华为 Mate SE(海外),8.0,2160x1080,华为 Mate SE(海外)_8.0_2160x1080,是,否
Baidu MTC,Android,HUAWEI(华为),华为 Mate9 Pro(海外),8.0,2560x1440,华为 Mate9 Pro(海外)_8.0_2560x1440,是,否
Baidu MTC,Android,HUAWEI(华为),华为 Nova 3e(海外),8.0,2280x1080,华为 Nova 3e(海外)_8.0_2280x1080,是,否
Baidu MTC,Android,HUAWEI(华为),华为 P20 lite(海外),8.0,2280x1080,华为 P20 lite(海外)_8.0_2280x1080,是,否
Baidu MTC,Android,HUAWEI(华为),华为 Y7 Pro 2018(海外),8.0,1440x720,华为 Y7 Pro 2018(海外)_8.0_1440x720,是,否
Baidu MTC,Android,HUAWEI(华为),华为 Y9 2018(海外),8.0,2160x1080,华为 Y9 2018(海外)_8.0_2160x1080,是,否
Baidu MTC,Android,HUAWEI(华为),华为荣耀 7X(海外),8.0,2160x1080,华为荣耀 7X(海外)_8.0_2160x1080,是,否
Baidu MTC,Android,HUAWEI(华为),荣耀畅玩 7C(海外),8.0,1440x720,荣耀畅玩 7C(海外)_8.0_1440x720,是,否
Baidu MTC,Android,HUAWEI(华为),华为 Y9 2019(海外),8.1.0,2160x1080,华为 Y9 2019(海外)_8.1.0_2160x1080,是,否
Baidu MTC,Android,HUAWEI(华为),荣耀 10(海外),8.1.0,2280x1080,荣耀 10(海外)_8.1.0_2280x1080,是,否
Baidu MTC,Android,HUAWEI(华为),华为 Nova3(海外),9.0,2340x1080,华为 Nova3(海外)_9.0_2340x1080,是,否
Baidu MTC,Android,HUAWEI(华为),华为 P Smart(2019)(海外),9.0,2160x1080,华为 P Smart(2019)(海外)_9.0_2160x1080,是,否
Baidu MTC,Android,HUAWEI(华为),华为 P10 Plus(海外),9.0,2560x1440,华为 P10 Plus(海外)_9.0_2560x1440,是,否
Baidu MTC,Android,HUAWEI(华为),华为 P20 Pro(海外),9.0,2240x1080,华为 P20 Pro(海外)_9.0_2240x1080,是,否
Baidu MTC,Android,HUAWEI(华为),华为 P20(海外),9.0,2240x1080,华为 P20(海外)_9.0_2240x1080,是,否
Baidu MTC,Android,HUAWEI(华为),华为 P30 lite(海外),9.0,2312x1080,华为 P30 lite(海外)_9.0_2312x1080,是,否
Baidu MTC,Android,HUAWEI(华为),华为 Mate 10 Pro(海外),10,2160x1080,华为 Mate 10 Pro(海外)_10_2160x1080,是,否
Baidu MTC,Android,HUAWEI(华为),华为 Mate20(海外),10,2244x1080,华为 Mate20(海外)_10_2244x1080,是,否
Baidu MTC,Android,HUAWEI(华为),华为 Nova 5T(海外),10,2340x1080,华为 Nova 5T(海外)_10_2340x1080,是,否
Baidu MTC,Android,HUAWEI(华为),华为 P30 Pro(海外),10,2340x1080,华为 P30 Pro(海外)_10_2340x1080,是,否
Baidu MTC,Android,HUAWEI(华为),华为 P40(海外),10,2340x1080,华为 P40(海外)_10_2340x1080,是,否
Baidu MTC,Android,LG,LG G7(海外),8.0,3120x1440,LG G7(海外)_8.0_3120x1440,是,否
Baidu MTC,Android,LG,LG V35 ThinQ(海外),8.0,2880x1440,LG V35 ThinQ(海外)_8.0_2880x1440,是,否
Baidu MTC,Android,LG,LG G7(海外),9.0,3210x1440,LG G7(海外)_9.0_3210x1440,是,否
Baidu MTC,Android,LG,LG Stylo 6(海外),10,2460x1080,LG Stylo 6(海外)_10_2460x1080,是,否
Baidu MTC,Android,LG,LG V40 ThinQ(海外),10,3210x1440,LG V40 ThinQ(海外)_10_3210x1440,是,否
Baidu MTC,Android,LG,LG X6 2019(海外),10,1520x720,LG X6 2019(海外)_10_1520x720,是,否
Baidu MTC,Android,LG,LG G8 ThinQ(海外),11,3120x1440,LG G8 ThinQ(海外)_11_3120x1440,是,否
Baidu MTC,Android,LG,LG Q9 One(海外),11,3120x1440,LG Q9 One(海外)_11_3120x1440,是,否
Baidu MTC,Android,LG,LG G8S ThinQ(海外),12,2248x1080,LG G8S ThinQ(海外)_12_2248x1080,是,否
Baidu MTC,Android,LG,LG V50 ThinQ(海外),12,3120x1440,LG V50 ThinQ(海外)_12_3120x1440,是,否
Baidu MTC,Android,LG,LG V50S ThinQ(海外),12,2340x1080,LG V50S ThinQ(海外)_12_2340x1080,是,否
Baidu MTC,Android,LG,LG VELVET(海外),13,2460x1080,LG VELVET(海外)_13_2460x1080,是,否
Baidu MTC,Android,LG,LG G Flex2(海外),5.1.1,1920x1080,LG G Flex2(海外)_5.1.1_1920x1080,是,否
Baidu MTC,Android,LG,LG v30+(海外),7.1.2,2880x1440,LG v30+(海外)_7.1.2_2880x1440,是,否
Baidu MTC,Android,MOTO(摩托罗拉),Moto G6 play(海外),9.0,1440x720,Moto G6 play(海外)_9.0_1440x720,是,否
Baidu MTC,Android,MOTO(摩托罗拉),Moto One(海外),10,1520x720,Moto One(海外)_10_1520x720,是,否
Baidu MTC,Android,MOTO(摩托罗拉),Moto Edge 20 Fusion(海外),11,2400x1080,Moto Edge 20 Fusion(海外)_11_2400x1080,是,否
Baidu MTC,Android,MOTO(摩托罗拉),Moto G Power(2021)(海外),11,1600x720,Moto G Power(2021)(海外)_11_1600x720,是,否
Baidu MTC,Android,MOTO(摩托罗拉),Moto E (4) Plus(海外),7.1.1,1280x720,Moto E (4) Plus(海外)_7.1.1_1280x720,是,否
Baidu MTC,Android,Nokia(诺基亚),诺基亚 7.2(海外),11,2340x1080,诺基亚 7.2(海外)_11_2340x1080,是,否
Baidu MTC,Android,Nokia(诺基亚),诺基亚 8.3 5G(海外),12,2400x1080,诺基亚 8.3 5G(海外)_12_2400x1080,是,否
Baidu MTC,Android,Nokia(诺基亚),诺基亚 G10(海外),13,1600x720,诺基亚 G10(海外)_13_1600x720,是,否
Baidu MTC,Android,Nokia(诺基亚),诺基亚 X30 5G(海外),14,2400x1080,诺基亚 X30 5G(海外)_14_2400x1080,是,否
Baidu MTC,Android,OPPO,OPPO A59m,5.1,1280x720,OPPO A59m_5.1_1280x720,否,否
Baidu MTC,Android,OPPO,OPPO F1S(海外),5.1,1280x720,OPPO F1S(海外)_5.1_1280x720,是,否
Baidu MTC,Android,OPPO,OPPO F3(海外),6.0,1920x1080,OPPO F3(海外)_6.0_1920x1080,是,否
Baidu MTC,Android,OPPO,OPPO A7x,9.0,2340x1080,OPPO A7x_9.0_2340x1080,否,否
Baidu MTC,Android,OPPO,OPPO A8标准版,9.0,1600x720,OPPO A8标准版_9.0_1600x720,否,否
Baidu MTC,Android,OPPO,OPPO A9x,9.0,2340x1080,OPPO A9x_9.0_2340x1080,否,否
Baidu MTC,Android,OPPO,OPPO R17 Neo(海外),9.0,2340x1080,OPPO R17 Neo(海外)_9.0_2340x1080,是,否
Baidu MTC,Android,OPPO,OPPO Reno2 F(海外),9.0,2340x1080,OPPO Reno2 F(海外)_9.0_2340x1080,是,否
Baidu MTC,Android,OPPO,OPPO A3,10,2280x1080,OPPO A3_10_2280x1080,否,否
Baidu MTC,Android,OPPO,OPPO F9(海外),10,2340x1080,OPPO F9(海外)_10_2340x1080,是,否
Baidu MTC,Android,OPPO,OPPO Find X,10,2340x1080,OPPO Find X_10_2340x1080,否,否
Baidu MTC,Android,OPPO,OPPO K1,10,2340x1080,OPPO K1_10_2340x1080,否,否
Baidu MTC,Android,OPPO,OPPO K1,10,2340x1080,OPPO K1_10_2340x1080,否,否
Baidu MTC,Android,OPPO,OPPO R15,10,2280x1080,OPPO R15_10_2280x1080,否,否
Baidu MTC,Android,OPPO,OPPO R15x,10,2340x1080,OPPO R15x_10_2340x1080,否,否
Baidu MTC,Android,OPPO,OPPO R17 Pro,10,2340x1080,OPPO R17 Pro_10_2340x1080,否,否
Baidu MTC,Android,OPPO,OPPO R17移动版,10,2340x1080,OPPO R17移动版_10_2340x1080,否,否
Baidu MTC,Android,OPPO,OPPO A11X,11,1600x720,OPPO A11X_11_1600x720,否,否
Baidu MTC,Android,OPPO,OPPO A32,11,1600x720,OPPO A32_11_1600x720,否,否
Baidu MTC,Android,OPPO,OPPO A52,11,2400x1080,OPPO A52_11_2400x1080,否,否
Baidu MTC,Android,OPPO,OPPO A91,11,2400x1080,OPPO A91_11_2400x1080,否,否
Baidu MTC,Android,OPPO,OPPO A93,11,2400x1080,OPPO A93_11_2400x1080,否,否
Baidu MTC,Android,OPPO,OPPO A9x,11,2340x1080,OPPO A9x_11_2340x1080,否,否
Baidu MTC,Android,OPPO,OPPO F11(海外),11,2340x1080,OPPO F11(海外)_11_2340x1080,是,否
Baidu MTC,Android,OPPO,OPPO Find X,11,2340x1080,OPPO Find X_11_2340x1080,否,否
Baidu MTC,Android,OPPO,OPPO K3,11,2340x1080,OPPO K3_11_2340x1080,否,否
Baidu MTC,Android,OPPO,OPPO K5,11,2340x1080,OPPO K5_11_2340x1080,否,否
Baidu MTC,Android,OPPO,OPPO Reno,11,2340x1080,OPPO Reno_11_2340x1080,否,否
Baidu MTC,Android,OPPO,OPPO Reno2,11,2400x1080,OPPO Reno2_11_2400x1080,否,否
Baidu MTC,Android,OPPO,OPPO Reno2,11,2400x1080,OPPO Reno2_11_2400x1080,否,否
Baidu MTC,Android,OPPO,OPPO Reno2 Z,11,2340x1080,OPPO Reno2 Z_11_2340x1080,否,否
Baidu MTC,Android,OPPO,OPPO Reno3 A(海外),11,2400x1080,OPPO Reno3 A(海外)_11_2400x1080,是,否
Baidu MTC,Android,OPPO,OPPO Reno5 5G,11,2400x1080,OPPO Reno5 5G_11_2400x1080,否,否
Baidu MTC,Android,OPPO,OPPO A53 5G,12,2400x1080,OPPO A53 5G_12_2400x1080,否,否
Baidu MTC,Android,OPPO,OPPO A54 5G(海外),12,2400x1080,OPPO A54 5G(海外)_12_2400x1080,是,否
Baidu MTC,Android,OPPO,OPPO A72 5G,12,2400x1080,OPPO A72 5G_12_2400x1080,否,否
Baidu MTC,Android,OPPO,OPPO A92s,12,2400x1080,OPPO A92s_12_2400x1080,否,否
Baidu MTC,Android,OPPO,OPPO A93s5G,12,2400x1080,OPPO A93s5G_12_2400x1080,否,否
Baidu MTC,Android,OPPO,OPPO A96,12,2400x1080,OPPO A96_12_2400x1080,否,否
Baidu MTC,Android,OPPO,OPPO K7,12,2400x1080,OPPO K7_12_2400x1080,否,否
Baidu MTC,Android,OPPO,OPPO K7x,12,2400x1080,OPPO K7x_12_2400x1080,否,否
Baidu MTC,Android,OPPO,OPPO Reno3 5G,12,2400x1080,OPPO Reno3 5G_12_2400x1080,否,否
Baidu MTC,Android,OPPO,OPPO Reno3 Pro5G,12,2400x1080,OPPO Reno3 Pro5G_12_2400x1080,否,否
Baidu MTC,Android,OPPO,OPPO Reno4,12,2400x1080,OPPO Reno4_12_2400x1080,否,否
Baidu MTC,Android,OPPO,OPPO Reno4 Pro,12,2400x1080,OPPO Reno4 Pro_12_2400x1080,否,否
Baidu MTC,Android,OPPO,OPPO Reno4 SE,12,2400x1080,OPPO Reno4 SE_12_2400x1080,否,否
Baidu MTC,Android,OPPO,OPPO Reno5 A(海外),12,2400x1080,OPPO Reno5 A(海外)_12_2400x1080,是,否
Baidu MTC,Android,OPPO,OPPO A95 5G,13,2400x1080,OPPO A95 5G_13_2400x1080,否,否
Baidu MTC,Android,OPPO,OPPO Ace2,13,2400x1080,OPPO Ace2_13_2400x1080,否,否
Baidu MTC,Android,OPPO,OPPO Find X2,13,3168x1440,OPPO Find X2_13_3168x1440,否,否
Baidu MTC,Android,OPPO,OPPO K9,13,2400x1080,OPPO K9_13_2400x1080,否,否
Baidu MTC,Android,OPPO,OPPO K9 Pro,13,2400x1080,OPPO K9 Pro_13_2400x1080,否,否
Baidu MTC,Android,OPPO,OPPO K9x,13,2400x1080,OPPO K9x_13_2400x1080,否,否
Baidu MTC,Android,OPPO,OPPO Reno5 K,13,2400x1080,OPPO Reno5 K_13_2400x1080,否,否
Baidu MTC,Android,OPPO,OPPO Reno5 Pro+5G,13,2400x1080,OPPO Reno5 Pro+5G_13_2400x1080,否,否
Baidu MTC,Android,OPPO,OPPO Reno5 Pro5G,13,2400x1080,OPPO Reno5 Pro5G_13_2400x1080,否,否
Baidu MTC,Android,OPPO,OPPO Reno6 5G,13,2400x1080,OPPO Reno6 5G_13_2400x1080,否,否
Baidu MTC,Android,OPPO,OPPO Reno6 Pro+5G,13,2400x1080,OPPO Reno6 Pro+5G_13_2400x1080,否,否
Baidu MTC,Android,OPPO,OPPO Reno6 Pro5G,13,2400x1080,OPPO Reno6 Pro5G_13_2400x1080,否,否
Baidu MTC,Android,OPPO,OPPO Reno7 SE,13,2400x1080,OPPO Reno7 SE_13_2400x1080,否,否
Baidu MTC,Android,OPPO,OPPO A2 Pro,14,2412x1080,OPPO A2 Pro_14_2412x1080,否,否
Baidu MTC,Android,OPPO,OPPO A3 Pro,14,2412x1080,OPPO A3 Pro_14_2412x1080,否,否
Baidu MTC,Android,OPPO,OPPO A97 5G,14,2408x1080,OPPO A97 5G_14_2408x1080,否,否
Baidu MTC,Android,OPPO,OPPO Find N(折叠屏),14,2256x1972,OPPO Find N(折叠屏)_14_2256x1972,否,是
Baidu MTC,Android,OPPO,OPPO Find X3,14,3216x1440,OPPO Find X3_14_3216x1440,否,否
Baidu MTC,Android,OPPO,OPPO K10,14,2412x1080,OPPO K10_14_2412x1080,否,否
Baidu MTC,Android,OPPO,OPPO K10,14,2412x1080,OPPO K10_14_2412x1080,否,否
Baidu MTC,Android,OPPO,OPPO K10 Pro5G,14,2400x1080,OPPO K10 Pro5G_14_2400x1080,否,否
Baidu MTC,Android,OPPO,OPPO K10x 5G,14,2412x1080,OPPO K10x 5G_14_2412x1080,否,否
Baidu MTC,Android,OPPO,OPPO K11,14,2412x1080,OPPO K11_14_2412x1080,否,否
Baidu MTC,Android,OPPO,OPPO Reno10 Pro+,14,2772x1240,OPPO Reno10 Pro+_14_2772x1240,否,否
Baidu MTC,Android,OPPO,OPPO Reno11,14,2412x1080,OPPO Reno11_14_2412x1080,否,否
Baidu MTC,Android,OPPO,OPPO Reno8 5G,14,2400x1080,OPPO Reno8 5G_14_2400x1080,否,否
Baidu MTC,Android,OPPO,OPPO Reno8 Pro5G,14,2400x1080,OPPO Reno8 Pro5G_14_2400x1080,否,否
Baidu MTC,Android,OPPO,OPPO Find X5,15,2400x1080,OPPO Find X5_15_2400x1080,否,否
Baidu MTC,Android,OPPO,OPPO K12x,15,2400x1080,OPPO K12x_15_2400x1080,否,否
Baidu MTC,Android,OPPO,OPPO Reno10,15,2412x1080,OPPO Reno10_15_2412x1080,否,否
Baidu MTC,Android,OPPO,OPPO Reno11,15,2412x1080,OPPO Reno11_15_2412x1080,否,否
Baidu MTC,Android,OPPO,OPPO Reno11 Pro,15,2772x1240,OPPO Reno11 Pro_15_2772x1240,否,否
Baidu MTC,Android,OPPO,OPPO Reno12,15,2412x1080,OPPO Reno12_15_2412x1080,否,否
Baidu MTC,Android,OPPO,OPPO Reno9 5G,15,2412x1080,OPPO Reno9 5G_15_2412x1080,否,否
Baidu MTC,Android,OPPO,OPPO Reno9 Pro,15,2412x1080,OPPO Reno9 Pro_15_2412x1080,否,否
Baidu MTC,Android,OPPO,OPPO Find N2 Flip,16,2520x1080,OPPO Find N2 Flip_16_2520x1080,否,否
Baidu MTC,Android,OPPO,OPPO Find N3 Flip,16,2520x1080,OPPO Find N3 Flip_16_2520x1080,否,否
Baidu MTC,Android,OPPO,OPPO Find N5(折叠屏),16,2616x1140,OPPO Find N5(折叠屏)_16_2616x1140,否,是
Baidu MTC,Android,OPPO,OPPO Find X5 Pro,16,3216x1440,OPPO Find X5 Pro_16_3216x1440,否,否
Baidu MTC,Android,OPPO,OPPO Find X6,16,2772x1240,OPPO Find X6_16_2772x1240,否,否
Baidu MTC,Android,OPPO,OPPO Find X6 Pro,16,3168x1440,OPPO Find X6 Pro_16_3168x1440,否,否
Baidu MTC,Android,OPPO,OPPO Find X7,16,2780x1264,OPPO Find X7_16_2780x1264,否,否
Baidu MTC,Android,OPPO,OPPO Find X7 Ultra,16,2376x1080,OPPO Find X7 Ultra_16_2376x1080,否,否
Baidu MTC,Android,OPPO,OPPO Find X8,16,2760x1256,OPPO Find X8_16_2760x1256,否,否
Baidu MTC,Android,OPPO,OPPO Find X8 Pro,16,2780x1264,OPPO Find X8 Pro_16_2780x1264,否,否
Baidu MTC,Android,OPPO,OPPO Find X8 Ultra,16,3168x1440,OPPO Find X8 Ultra_16_3168x1440,否,否
Baidu MTC,Android,OPPO,OPPO Find X8s,16,2640x1216,OPPO Find X8s_16_2640x1216,否,否
Baidu MTC,Android,OPPO,OPPO Find X9,16,2760x1256,OPPO Find X9_16_2760x1256,否,否
Baidu MTC,Android,OPPO,OPPO K12,16,2412x1080,OPPO K12_16_2412x1080,否,否
Baidu MTC,Android,OPPO,OPPO K13 Turbo Pro,16,2800x1280,OPPO K13 Turbo Pro_16_2800x1280,否,否
Baidu MTC,Android,OPPO,OPPO Reno 15,16,2640x1216,OPPO Reno 15_16_2640x1216,否,否
Baidu MTC,Android,OPPO,OPPO Reno13,16,2760x1256,OPPO Reno13_16_2760x1256,否,否
Baidu MTC,Android,OPPO,OPPO Reno14,16,2373x1080,OPPO Reno14_16_2373x1080,否,否
Baidu MTC,Android,OPPO,OPPO Reno14 Pro,16,2378x1080,OPPO Reno14 Pro_16_2378x1080,否,否
Baidu MTC,Android,OPPO,OPPO Find X9 Pro,17 Beta 2,2772x1272,OPPO Find X9 Pro_17 Beta 2_2772x1272,否,否
Baidu MTC,Android,OPPO,OPPO A37(海外),5.1.1,1280x720,OPPO A37(海外)_5.1.1_1280x720,是,否
Baidu MTC,Android,OPPO,OPPO R9 Plusm A,5.1.1,1920x1080,OPPO R9 Plusm A_5.1.1_1920x1080,否,否
Baidu MTC,Android,OPPO,OPPO R9s,6.0.1,1920x1080,OPPO R9s_6.0.1_1920x1080,否,否
Baidu MTC,Android,OPPO,OPPO A1,7.1.1,1440x720,OPPO A1_7.1.1_1440x720,否,否
Baidu MTC,Android,OPPO,OPPO A73,7.1.1,2160x1080,OPPO A73_7.1.1_2160x1080,否,否
Baidu MTC,Android,OPPO,OPPO A77,7.1.1,1920x1080,OPPO A77_7.1.1_1920x1080,否,否
Baidu MTC,Android,OPPO,OPPO A79,7.1.1,2160x1080,OPPO A79_7.1.1_2160x1080,否,否
Baidu MTC,Android,OPPO,OPPO A83,7.1.1,1440x720,OPPO A83_7.1.1_1440x720,否,否
Baidu MTC,Android,OPPO,OPPO F5(海外),7.1.1,2160x1080,OPPO F5(海外)_7.1.1_2160x1080,是,否
Baidu MTC,Android,OPPO,OPPO A3S(海外),8.1.0,1520x720,OPPO A3S(海外)_8.1.0_1520x720,是,否
Baidu MTC,Android,OPPO,OPPO A5全网通,8.1.0,1520x720,OPPO A5全网通_8.1.0_1520x720,否,否
Baidu MTC,Android,OPPO,OPPO A5电信版,8.1.0,1520x720,OPPO A5电信版_8.1.0_1520x720,否,否
Baidu MTC,Android,OPPO,OPPO A7,8.1.0,1520x720,OPPO A7_8.1.0_1520x720,否,否
Baidu MTC,Android,OPPO,OPPO A7(海外),8.1.0,1520x720,OPPO A7(海外)_8.1.0_1520x720,是,否
Baidu MTC,Android,OPPO,OPPO AX5(海外),8.1.0,1520x720,OPPO AX5(海外)_8.1.0_1520x720,是,否
Baidu MTC,Android,OPPO,OPPO R11,8.1.0,1920x1080,OPPO R11_8.1.0_1920x1080,否,否
Baidu MTC,Android,OPPO,OPPO R11s,8.1.0,2160x1080,OPPO R11s_8.1.0_2160x1080,否,否
Baidu MTC,Android,OnePlus(一加),一加 3T(海外),9.0,1920x1080,一加 3T(海外)_9.0_1920x1080,是,否
Baidu MTC,Android,OnePlus(一加),一加 5T(海外),9.0,2160x1080,一加 5T(海外)_9.0_2160x1080,是,否
Baidu MTC,Android,OnePlus(一加),一加 7T(海外),11,2400x1080,一加 7T(海外)_11_2400x1080,是,否
Baidu MTC,Android,OnePlus(一加),一加 Nord(海外),11,2400x1080,一加 Nord(海外)_11_2400x1080,是,否
Baidu MTC,Android,Realme(真我),Realme 5i(海外),10,1600x720,Realme 5i(海外)_10_1600x720,是,否
Baidu MTC,Android,Realme(真我),Realme C11(海外),10,1600x720,Realme C11(海外)_10_1600x720,是,否
Baidu MTC,Android,Realme(真我),Realme C3(海外),10,1456x720,Realme C3(海外)_10_1456x720,是,否
Baidu MTC,Android,Realme(真我),Realme C3(海外),10,1600x720,Realme C3(海外)_10_1600x720,是,否
Baidu MTC,Android,Realme(真我),Realme 6(海外),11,2400x1080,Realme 6(海外)_11_2400x1080,是,否
Baidu MTC,Android,Realme(真我),Realme C15(海外),11,1600x720,Realme C15(海外)_11_1600x720,是,否
Baidu MTC,Android,Realme(真我),Realme C25Y(海外),11,1448x720,Realme C25Y(海外)_11_1448x720,是,否
Baidu MTC,Android,Realme(真我),Realme XT(海外),11,2340x1080,Realme XT(海外)_11_2340x1080,是,否
Baidu MTC,Android,Realme(真我),Realme narzo 30A(海外),11,1456x720,Realme narzo 30A(海外)_11_1456x720,是,否
Baidu MTC,Android,Realme(真我),Realme narzo 50i(海外),11,1448x720,Realme narzo 50i(海外)_11_1448x720,是,否
Baidu MTC,Android,Realme(真我),真我 6 Pro(海外),11,2400x1080,真我 6 Pro(海外)_11_2400x1080,是,否
Baidu MTC,Android,Realme(真我),真我 Q,11,2340x1080,真我 Q_11_2340x1080,否,否
Baidu MTC,Android,Realme(真我),真我 X,11,2340x1080,真我 X_11_2340x1080,否,否
Baidu MTC,Android,Realme(真我),真我 X2,11,2340x1080,真我 X2_11_2340x1080,否,否
Baidu MTC,Android,Realme(真我),真我 X50,11,2400x1080,真我 X50_11_2400x1080,否,否
Baidu MTC,Android,Realme(真我),Realme 7 5G(海外),12,2400x1080,Realme 7 5G(海外)_12_2400x1080,是,否
Baidu MTC,Android,Realme(真我),Realme GT Master Edition(海外),12,2400x1080,Realme GT Master Edition(海外)_12_2400x1080,是,否
Baidu MTC,Android,Realme(真我),Realme narzo 50A(海外),12,1448x720,Realme narzo 50A(海外)_12_1448x720,是,否
Baidu MTC,Android,Realme(真我),真我 Q2 5G,12,2400x1080,真我 Q2 5G_12_2400x1080,否,否
Baidu MTC,Android,Realme(真我),真我 Q3 5G,12,2400x1080,真我 Q3 5G_12_2400x1080,否,否
Baidu MTC,Android,Realme(真我),真我 V15 5G,12,2400x1080,真我 V15 5G_12_2400x1080,否,否
Baidu MTC,Android,Realme(真我),真我 V5 5G,12,2400x1080,真我 V5 5G_12_2400x1080,否,否
Baidu MTC,Android,Realme(真我),真我 X7 5G,12,2400x1080,真我 X7 5G_12_2400x1080,否,否
Baidu MTC,Android,Realme(真我),真我 X7Pro 至尊版,12,2400x1080,真我 X7Pro 至尊版_12_2400x1080,否,否
Baidu MTC,Android,Realme(真我),Realme GT Master Edition(海外),13,2400x1080,Realme GT Master Edition(海外)_13_2400x1080,是,否
Baidu MTC,Android,Realme(真我),Realme narzo 50(海外),13,2412x1080,Realme narzo 50(海外)_13_2412x1080,是,否
Baidu MTC,Android,Realme(真我),真我 Q3 Pro5G,13,2400x1080,真我 Q3 Pro5G_13_2400x1080,否,否
Baidu MTC,Android,Realme(真我),真我GT Neo,13,2400x1080,真我GT Neo_13_2400x1080,否,否
Baidu MTC,Android,Realme(真我),真我GT Neo2,13,2400x1080,真我GT Neo2_13_2400x1080,否,否
Baidu MTC,Android,Realme(真我),真我 11 Pro+,14,2412x1080,真我 11 Pro+_14_2412x1080,否,否
Baidu MTC,Android,Realme(真我),真我GT 大师探索版,14,2400x1080,真我GT 大师探索版_14_2400x1080,否,否
Baidu MTC,Android,Realme(真我),真我GT2 Pro,14,3216x1440,真我GT2 Pro_14_3216x1440,否,否
Baidu MTC,Android,Redmi(红米),红米Note 11s(海外),11,2400x1080,红米Note 11s(海外)_11_2400x1080,是,否
Baidu MTC,Android,SAMSUNG(三星),三星 Galaxy Note 5(海外),7.0,2560x1440,三星 Galaxy Note 5(海外)_7.0_2560x1440,是,否
Baidu MTC,Android,SAMSUNG(三星),三星 Galaxy S6 edge(海外),7.0,2560x1440,三星 Galaxy S6 edge(海外)_7.0_2560x1440,是,否
Baidu MTC,Android,SAMSUNG(三星),三星 Galaxy C7(海外),8.0,1920x1080,三星 Galaxy C7(海外)_8.0_1920x1080,是,否
Baidu MTC,Android,SAMSUNG(三星),三星 Galaxy S7(海外),8.0,2560x1440,三星 Galaxy S7(海外)_8.0_2560x1440,是,否
Baidu MTC,Android,SAMSUNG(三星),三星 Galaxy A10e(海外),9.0,1560x720,三星 Galaxy A10e(海外)_9.0_1560x720,是,否
Baidu MTC,Android,SAMSUNG(三星),三星 Galaxy A6+(海外),9.0,2220x1080,三星 Galaxy A6+(海外)_9.0_2220x1080,是,否
Baidu MTC,Android,SAMSUNG(三星),三星 Galaxy Note 8(海外),9.0,2960x1440,三星 Galaxy Note 8(海外)_9.0_2960x1440,是,否
Baidu MTC,Android,SAMSUNG(三星),三星 A9 Pro(海外),10,2340x1080,三星 A9 Pro(海外)_10_2340x1080,是,否
Baidu MTC,Android,SAMSUNG(三星),三星 Galaxy J5(海外),10,1480x720,三星 Galaxy J5(海外)_10_1480x720,是,否
Baidu MTC,Android,SAMSUNG(三星),三星 Galaxy J6+,10,1480x720,三星 Galaxy J6+_10_1480x720,否,否
Baidu MTC,Android,SAMSUNG(三星),三星 Galaxy Note 9(海外),10,2960x1440,三星 Galaxy Note 9(海外)_10_2960x1440,是,否
Baidu MTC,Android,SAMSUNG(三星),三星 Galaxy S10e(海外),10,2280x1080,三星 Galaxy S10e(海外)_10_2280x1080,是,否
Baidu MTC,Android,SAMSUNG(三星),三星 Galaxy S9+(海外),10,2960x1440,三星 Galaxy S9+(海外)_10_2960x1440,是,否
Baidu MTC,Android,SAMSUNG(三星),三星 Note10+(海外),10,3040x1440,三星 Note10+(海外)_10_3040x1440,是,否
Baidu MTC,Android,SAMSUNG(三星),三星 S10(海外),10,3040x1440,三星 S10(海外)_10_3040x1440,是,否
Baidu MTC,Android,SAMSUNG(三星),三星 A70(海外),11,2400x1080,三星 A70(海外)_11_2400x1080,是,否
Baidu MTC,Android,SAMSUNG(三星),三星 Galaxy A10s(海外),11,1520x720,三星 Galaxy A10s(海外)_11_1520x720,是,否
Baidu MTC,Android,SAMSUNG(三星),三星 Galaxy A30(海外),11,2340x1080,三星 Galaxy A30(海外)_11_2340x1080,是,否
Baidu MTC,Android,SAMSUNG(三星),三星 A52 4G版(海外),12,2400x1080,三星 A52 4G版(海外)_12_2400x1080,是,否
Baidu MTC,Android,SAMSUNG(三星),三星 Galaxy A90 5G(海外),12,2400x1080,三星 Galaxy A90 5G(海外)_12_2400x1080,是,否
Baidu MTC,Android,SAMSUNG(三星),三星 Galaxy M11(海外),12,1560x720,三星 Galaxy M11(海外)_12_1560x720,是,否
Baidu MTC,Android,SAMSUNG(三星),三星 Galaxy S10 5G(海外),12,3040x1440,三星 Galaxy S10 5G(海外)_12_3040x1440,是,否
Baidu MTC,Android,SAMSUNG(三星),三星 Galaxy S10+(海外),12,3040x1440,三星 Galaxy S10+(海外)_12_3040x1440,是,否
Baidu MTC,Android,SAMSUNG(三星),三星 Note10+(海外),12,3040x1440,三星 Note10+(海外)_12_3040x1440,是,否
Baidu MTC,Android,SAMSUNG(三星),三星 galaxy A31(海外),12,2400x1080,三星 galaxy A31(海外)_12_2400x1080,是,否
Baidu MTC,Android,SAMSUNG(三星),三星 A22 5G(海外),13,1560x720,三星 A22 5G(海外)_13_1560x720,是,否
Baidu MTC,Android,SAMSUNG(三星),三星 Galaxy A12(海外),13,1600x720,三星 Galaxy A12(海外)_13_1600x720,是,否
Baidu MTC,Android,SAMSUNG(三星),三星 Galaxy A51 5G(海外),13,2400x1080,三星 Galaxy A51 5G(海外)_13_2400x1080,是,否
Baidu MTC,Android,SAMSUNG(三星),三星 Galaxy S20 FE 5G(海外),13,2400x1080,三星 Galaxy S20 FE 5G(海外)_13_2400x1080,是,否
Baidu MTC,Android,SAMSUNG(三星),三星 M32 5G(海外),13,2400x1080,三星 M32 5G(海外)_13_2400x1080,是,否
Baidu MTC,Android,SAMSUNG(三星),三星 galaxy Note 20 5G(海外),13,2400x1080,三星 galaxy Note 20 5G(海外)_13_2400x1080,是,否
Baidu MTC,Android,SAMSUNG(三星),三星 M33 5G(海外),14,2408x1080,三星 M33 5G(海外)_14_2408x1080,是,否
Baidu MTC,Android,SAMSUNG(三星),三星 Galaxy S5(海外),4.4.2,1920x1080,三星 Galaxy S5(海外)_4.4.2_1920x1080,是,否
Baidu MTC,Android,SAMSUNG(三星),三星 Galaxy Mega2(海外),4.4.4,1280x720,三星 Galaxy Mega2(海外)_4.4.4_1280x720,是,否
Baidu MTC,Android,SAMSUNG(三星),三星 Galaxy Alpha(海外),5.0.2,1280x720,三星 Galaxy Alpha(海外)_5.0.2_1280x720,是,否
Baidu MTC,Android,SAMSUNG(三星),三星 Galaxy J5(海外),5.1.1,1280x720,三星 Galaxy J5(海外)_5.1.1_1280x720,是,否
Baidu MTC,Android,SAMSUNG(三星),三星 Galaxy J7(2016版)(海外),5.1.1,1920x1080,三星 Galaxy J7(2016版)(海外)_5.1.1_1920x1080,是,否
Baidu MTC,Android,SAMSUNG(三星),三星 Galaxy A7(海外),6.0.1,1920x1080,三星 Galaxy A7(海外)_6.0.1_1920x1080,是,否
Baidu MTC,Android,SAMSUNG(三星),三星 Galaxy J7(2015版)(海外),6.0.1,1280x720,三星 Galaxy J7(2015版)(海外)_6.0.1_1280x720,是,否
Baidu MTC,Android,SAMSUNG(三星),三星 C8(海外),8.1.0,1920x1080,三星 C8(海外)_8.1.0_1920x1080,是,否
Baidu MTC,Android,SHARP(夏普),夏普 R1S(海外),7.0,1280x720,夏普 R1S(海外)_7.0_1280x720,是,否
Baidu MTC,Android,SHARP(夏普),夏普 sense4(海外),10,2280x1080,夏普 sense4(海外)_10_2280x1080,是,否
Baidu MTC,Android,SHARP(夏普),夏普 sense6(海外),11,2432x1080,夏普 sense6(海外)_11_2432x1080,是,否
Baidu MTC,Android,SONY(索尼),索尼 Xperia M4 Aqua Dual(海外),5.0,1280x720,索尼 Xperia M4 Aqua Dual(海外)_5.0_1280x720,是,否
Baidu MTC,Android,SONY(索尼),索尼 Xperia C4(海外),6.0,1920x1080,索尼 Xperia C4(海外)_6.0_1920x1080,是,否
Baidu MTC,Android,SONY(索尼),索尼 Xperia Xa(海外),7.0,1280x720,索尼 Xperia Xa(海外)_7.0_1280x720,是,否
Baidu MTC,Android,SONY(索尼),索尼 F8331(海外),8.0,1920x1080,索尼 F8331(海外)_8.0_1920x1080,是,否
Baidu MTC,Android,SONY(索尼),索尼 Xperia 5(海外),9.0,1920x1080,索尼 Xperia 5(海外)_9.0_1920x1080,是,否
Baidu MTC,Android,SONY(索尼),索尼 Xperia XA2 Ultra(海外),9.0,1920x1080,索尼 Xperia XA2 Ultra(海外)_9.0_1920x1080,是,否
Baidu MTC,Android,SONY(索尼),索尼 Xperia 10(海外),10,2520x1080,索尼 Xperia 10(海外)_10_2520x1080,是,否
Baidu MTC,Android,SONY(索尼),索尼 Xperia XA2(海外),10,2520x1080,索尼 Xperia XA2(海外)_10_2520x1080,是,否
Baidu MTC,Android,SONY(索尼),索尼 Xperia Ace II(海外),11,1496x720,索尼 Xperia Ace II(海外)_11_1496x720,是,否
Baidu MTC,Android,SONY(索尼),索尼 Xperia 1 IV(海外),12,2560x1096,索尼 Xperia 1 IV(海外)_12_2560x1096,是,否
Baidu MTC,Android,SONY(索尼),索尼 Xperia 10 Ⅳ(海外),12,2520x1080,索尼 Xperia 10 Ⅳ(海外)_12_2520x1080,是,否
Baidu MTC,Android,SONY(索尼),索尼 Xperia Z3(海外),5.0.2,1920x1080,索尼 Xperia Z3(海外)_5.0.2_1920x1080,是,否
Baidu MTC,Android,SUGAR(糖果),糖果 S9,6.0.1,1920x1080,糖果 S9_6.0.1_1920x1080,否,否
Baidu MTC,Android,TCL,TCL10L(海外),11,2340x1080,TCL10L(海外)_11_2340x1080,是,否
Baidu MTC,Android,TCL,TCL 20 pro 5G(海外),12,2400x1080,TCL 20 pro 5G(海外)_12_2400x1080,是,否
Baidu MTC,Android,TECNO(传音),SPARK 6 Go(海外),10,1600x720,SPARK 6 Go(海外)_10_1600x720,是,否
Baidu MTC,Android,TECNO(传音),Spark 6(海外),10,1640x720,Spark 6(海外)_10_1640x720,是,否
Baidu MTC,Android,TECNO(传音),TecnoPova2(海外),11,2640x1080,TecnoPova2(海外)_11_2640x1080,是,否
Baidu MTC,Android,TECNO(传音),TecnoSpark 7T(海外),11,1600x720,TecnoSpark 7T(海外)_11_1600x720,是,否
Baidu MTC,Android,TECNO(传音),lnfinix X620B(海外),8.1.0,2260x1080,lnfinix X620B(海外)_8.1.0_2260x1080,是,否
Baidu MTC,Android,UMIDIGI(优米),UMIDIGI A9 Pro(海外),10,2340x1080,UMIDIGI A9 Pro(海外)_10_2340x1080,是,否
Baidu MTC,Android,UMIDIGI(优米),UMIDIGI A3 Pro(海外),8.1.0,1512x720,UMIDIGI A3 Pro(海外)_8.1.0_1512x720,是,否
Baidu MTC,Android,UMIDIGI(优米),UMIDIGI One Max(海外),8.1.0,1520x720,UMIDIGI One Max(海外)_8.1.0_1520x720,是,否
Baidu MTC,Android,UMIDIGI(优米),UMIDIGI F1 play(海外),9.0,2340x1080,UMIDIGI F1 play(海外)_9.0_2340x1080,是,否
Baidu MTC,Android,VETAS(维塔斯),维塔斯 V9,7.1.1,1920x1080,维塔斯 V9_7.1.1_1920x1080,否,否
Baidu MTC,Android,VIVO,VIVO Y67,6.0,1280x720,VIVO Y67_6.0_1280x720,否,否
Baidu MTC,Android,VIVO,VIVO Y67A,6.0,1280x720,VIVO Y67A_6.0_1280x720,否,否
Baidu MTC,Android,VIVO,VIVO V5S(海外),7.0,1280x720,VIVO V5S(海外)_7.0_1280x720,是,否
Baidu MTC,Android,VIVO,VIVO V9(海外),9.0,2280x1080,VIVO V9(海外)_9.0_2280x1080,是,否
Baidu MTC,Android,VIVO,VIVO X21(海外),9.0,2280x1080,VIVO X21(海外)_9.0_2280x1080,是,否
Baidu MTC,Android,VIVO,VIVO X21UD,9.0,2340x1080,VIVO X21UD_9.0_2340x1080,否,否
Baidu MTC,Android,VIVO,VIVO X21iA,9.0,2280x1080,VIVO X21iA_9.0_2280x1080,否,否
Baidu MTC,Android,VIVO,VIVO X21s,9.0,2340x1080,VIVO X21s_9.0_2340x1080,否,否
Baidu MTC,Android,VIVO,VIVO X23,9.0,2340x1080,VIVO X23_9.0_2340x1080,否,否
Baidu MTC,Android,VIVO,VIVO X23,9.0,2340x1080,VIVO X23_9.0_2340x1080,否,否
Baidu MTC,Android,VIVO,VIVO Y5s,9.0,2340x1080,VIVO Y5s_9.0_2340x1080,否,否
Baidu MTC,Android,VIVO,VIVO Y7s,9.0,2340x1080,VIVO Y7s_9.0_2340x1080,否,否
Baidu MTC,Android,VIVO,VIVO Z1,9.0,2280x1080,VIVO Z1_9.0_2280x1080,否,否
Baidu MTC,Android,VIVO,VIVO Z1i,9.0,2280x1080,VIVO Z1i_9.0_2280x1080,否,否
Baidu MTC,Android,VIVO,VIVO Z3,9.0,2280x1080,VIVO Z3_9.0_2280x1080,否,否
Baidu MTC,Android,VIVO,VIVO NEX 3 5G,10,2256x1080,VIVO NEX 3 5G_10_2256x1080,否,否
Baidu MTC,Android,VIVO,VIVO NEX A,10,2316x1080,VIVO NEX A_10_2316x1080,否,否
Baidu MTC,Android,VIVO,VIVO NEX A屏幕指纹版,10,2316x1080,VIVO NEX A屏幕指纹版_10_2316x1080,否,否
Baidu MTC,Android,VIVO,VIVO NEX S,10,2316x1080,VIVO NEX S_10_2316x1080,否,否
Baidu MTC,Android,VIVO,VIVO S5,10,2400x1080,VIVO S5_10_2400x1080,否,否
Baidu MTC,Android,VIVO,VIVO S6,10,2400x1080,VIVO S6_10_2400x1080,否,否
Baidu MTC,Android,VIVO,VIVO S7,10,2400x1080,VIVO S7_10_2400x1080,否,否
Baidu MTC,Android,VIVO,VIVO S7e 5G,10,2400x1080,VIVO S7e 5G_10_2400x1080,否,否
Baidu MTC,Android,VIVO,VIVO V11 Pro(海外),10,2280x1080,VIVO V11 Pro(海外)_10_2280x1080,是,否
Baidu MTC,Android,VIVO,VIVO V11(海外),10,2280x1080,VIVO V11(海外)_10_2280x1080,是,否
Baidu MTC,Android,VIVO,VIVO X30,10,2400x1080,VIVO X30_10_2400x1080,否,否
Baidu MTC,Android,VIVO,VIVO Y30,10,1600x720,VIVO Y30_10_1600x720,否,否
Baidu MTC,Android,VIVO,VIVO Y52s 5G,10,2408x1080,VIVO Y52s 5G_10_2408x1080,否,否
Baidu MTC,Android,VIVO,VIVO Y70t,10,2340x1080,VIVO Y70t_10_2340x1080,否,否
Baidu MTC,Android,VIVO,VIVO Z5,10,2340x1080,VIVO Z5_10_2340x1080,否,否
Baidu MTC,Android,VIVO,VIVO Z5X,10,2340x1080,VIVO Z5X_10_2340x1080,否,否
Baidu MTC,Android,VIVO,VIVO Z5X,10,2340x1080,VIVO Z5X_10_2340x1080,否,否
Baidu MTC,Android,VIVO,VIVO Z6,10,2400x1080,VIVO Z6_10_2400x1080,否,否
Baidu MTC,Android,VIVO,VIVO S10,11,2400x1080,VIVO S10_11_2400x1080,否,否
Baidu MTC,Android,VIVO,VIVO S7t 5G,11,2400x1080,VIVO S7t 5G_11_2400x1080,否,否
Baidu MTC,Android,VIVO,VIVO T1,11,2400x1080,VIVO T1_11_2400x1080,否,否
Baidu MTC,Android,VIVO,VIVO T1x,11,2408x1080,VIVO T1x_11_2408x1080,否,否
Baidu MTC,Android,VIVO,VIVO X60 曲屏版,11,2376x1080,VIVO X60 曲屏版_11_2376x1080,否,否
Baidu MTC,Android,VIVO,VIVO Y10(T1版),11,1600x720,VIVO Y10(T1版)_11_1600x720,否,否
Baidu MTC,Android,VIVO,VIVO Y53s,11,2408x1080,VIVO Y53s_11_2408x1080,否,否
Baidu MTC,Android,VIVO,VIVO iQOO 熔岩橙,11,2340x1080,VIVO iQOO 熔岩橙_11_2340x1080,否,否
Baidu MTC,Android,VIVO,VIVO iQOO 羽光白,11,2340x1080,VIVO iQOO 羽光白_11_2340x1080,否,否
Baidu MTC,Android,VIVO,VIVO Y01(海外),12,1600x720,VIVO Y01(海外)_12_1600x720,是,否
Baidu MTC,Android,VIVO,VIVO S10 Pro,13,2400x1080,VIVO S10 Pro_13_2400x1080,否,否
Baidu MTC,Android,VIVO,VIVO S12 5G,13,2400x1080,VIVO S12 5G_13_2400x1080,否,否
Baidu MTC,Android,VIVO,VIVO S15e,13,2404x1080,VIVO S15e_13_2404x1080,否,否
Baidu MTC,Android,VIVO,VIVO S17 Pro,13,2800x1260,VIVO S17 Pro_13_2800x1260,否,否
Baidu MTC,Android,VIVO,VIVO S9,13,2400x1080,VIVO S9_13_2400x1080,否,否
Baidu MTC,Android,VIVO,VIVO S9e,13,2404x1080,VIVO S9e_13_2404x1080,否,否
Baidu MTC,Android,VIVO,VIVO T2x,13,2408x1080,VIVO T2x_13_2408x1080,否,否
Baidu MTC,Android,VIVO,VIVO X50,13,2376x1080,VIVO X50_13_2376x1080,否,否
Baidu MTC,Android,VIVO,VIVO X50 Pro+,13,2376x1080,VIVO X50 Pro+_13_2376x1080,否,否
Baidu MTC,Android,VIVO,VIVO X60,13,2376x1080,VIVO X60_13_2376x1080,否,否
Baidu MTC,Android,VIVO,VIVO X60 Pro,13,2376x1080,VIVO X60 Pro_13_2376x1080,否,否
Baidu MTC,Android,VIVO,VIVO X60 Pro+,13,2376x1080,VIVO X60 Pro+_13_2376x1080,否,否
Baidu MTC,Android,VIVO,VIVO X60t Pro+,13,2376x1080,VIVO X60t Pro+_13_2376x1080,否,否
Baidu MTC,Android,VIVO,VIVO X70 Pro,13,2376x1080,VIVO X70 Pro_13_2376x1080,否,否
Baidu MTC,Android,VIVO,VIVO X70 Pro+,13,2400x1080,VIVO X70 Pro+_13_2400x1080,否,否
Baidu MTC,Android,VIVO,VIVO Y77,13,2388x1080,VIVO Y77_13_2388x1080,否,否
Baidu MTC,Android,VIVO,VIVO Y78,13,2388x1080,VIVO Y78_13_2388x1080,否,否
Baidu MTC,Android,VIVO,VIVO Pad一代,14,2560x1600,VIVO Pad一代_14_2560x1600,否,否
Baidu MTC,Android,VIVO,VIVO S12 Pro,14,2376x1080,VIVO S12 Pro_14_2376x1080,否,否
Baidu MTC,Android,VIVO,VIVO S15 5G,14,2400x1080,VIVO S15 5G_14_2400x1080,否,否
Baidu MTC,Android,VIVO,VIVO S15 Pro5G,14,2376x1080,VIVO S15 Pro5G_14_2376x1080,否,否
Baidu MTC,Android,VIVO,VIVO S17,14,2800x1260,VIVO S17_14_2800x1260,否,否
Baidu MTC,Android,VIVO,VIVO S18 Pro,14,2800x1260,VIVO S18 Pro_14_2800x1260,否,否
Baidu MTC,Android,VIVO,VIVO S18e,14,2400x1080,VIVO S18e_14_2400x1080,否,否
Baidu MTC,Android,VIVO,VIVO S19,14,2800x1260,VIVO S19_14_2800x1260,否,否
Baidu MTC,Android,VIVO,VIVO X100,14,2800x1260,VIVO X100_14_2800x1260,否,否
Baidu MTC,Android,VIVO,VIVO X100 Pro,14,2800x1260,VIVO X100 Pro_14_2800x1260,否,否
Baidu MTC,Android,VIVO,VIVO X100s Pro,14,2800x1260,VIVO X100s Pro_14_2800x1260,否,否
Baidu MTC,Android,VIVO,VIVO X70,14,2376x1080,VIVO X70_14_2376x1080,否,否
Baidu MTC,Android,VIVO,VIVO X90,14,2400x1080,VIVO X90_14_2400x1080,否,否
Baidu MTC,Android,VIVO,VIVO Y100,14,2400x1080,VIVO Y100_14_2400x1080,否,否
Baidu MTC,Android,VIVO,VIVO Y78+,14,2400x1080,VIVO Y78+_14_2400x1080,否,否
Baidu MTC,Android,VIVO,VIVO S16 Pro,15,2400x1080,VIVO S16 Pro_15_2400x1080,否,否
Baidu MTC,Android,VIVO,VIVO S17e,15,2400x1080,VIVO S17e_15_2400x1080,否,否
Baidu MTC,Android,VIVO,VIVO S18,15,2400x1080,VIVO S18_15_2400x1080,否,否
Baidu MTC,Android,VIVO,VIVO S20,15,2800x1260,VIVO S20_15_2800x1260,否,否
Baidu MTC,Android,VIVO,VIVO S30,15,2400x1080,VIVO S30_15_2400x1080,否,否
Baidu MTC,Android,VIVO,VIVO S30 Pro mini,15,2640x1216,VIVO S30 Pro mini_15_2640x1216,否,否
Baidu MTC,Android,VIVO,VIVO X Note,15,3080x1440,VIVO X Note_15_3080x1440,否,否
Baidu MTC,Android,VIVO,VIVO X100s,15,2800x1260,VIVO X100s_15_2800x1260,否,否
Baidu MTC,Android,VIVO,VIVO X200 Ultra,15,3168x1440,VIVO X200 Ultra_15_3168x1440,否,否
Baidu MTC,Android,VIVO,VIVO X90 Pro,15,2800x1260,VIVO X90 Pro_15_2800x1260,否,否
Baidu MTC,Android,VIVO,VIVO X90s,15,2800x1260,VIVO X90s_15_2800x1260,否,否
Baidu MTC,Android,VIVO,VIVO Y300 Pro,15,2392x1080,VIVO Y300 Pro_15_2392x1080,否,否
Baidu MTC,Android,VIVO,VIVO S20 Pro,16,2800x1260,VIVO S20 Pro_16_2800x1260,否,否
Baidu MTC,Android,VIVO,VIVO S50,16,2750x1260,VIVO S50_16_2750x1260,否,否
Baidu MTC,Android,VIVO,VIVO S50 Pro mini,16,2640x1216,VIVO S50 Pro mini_16_2640x1216,否,否
Baidu MTC,Android,VIVO,VIVO X Fold 5,16,2480x2200,VIVO X Fold 5_16_2480x2200,否,否
Baidu MTC,Android,VIVO,VIVO X Fold2(折叠屏),16,2160x1916,VIVO X Fold2(折叠屏)_16_2160x1916,否,是
Baidu MTC,Android,VIVO,VIVO X200,16,2800x1260,VIVO X200_16_2800x1260,否,否
Baidu MTC,Android,VIVO,VIVO X200 Pro,16,2800x1260,VIVO X200 Pro_16_2800x1260,否,否
Baidu MTC,Android,VIVO,VIVO X200 Pro mini,16,2640x1216,VIVO X200 Pro mini_16_2640x1216,否,否
Baidu MTC,Android,VIVO,VIVO X300,16,2640x1216,VIVO X300_16_2640x1216,否,否
Baidu MTC,Android,VIVO,VIVO X300 Pro,16,2800x1260,VIVO X300 Pro_16_2800x1260,否,否
Baidu MTC,Android,VIVO,VIVO X80,16,2400x1080,VIVO X80_16_2400x1080,否,否
Baidu MTC,Android,VIVO,VIVO X9 Plus,6.0.1,1920x1080,VIVO X9 Plus_6.0.1_1920x1080,否,否
Baidu MTC,Android,VIVO,VIVO Y55,6.0.1,1280x720,VIVO Y55_6.0.1_1280x720,否,否
Baidu MTC,Android,VIVO,VIVO Y55A,6.0.1,1280x720,VIVO Y55A_6.0.1_1280x720,否,否
Baidu MTC,Android,VIVO,VIVO Y66,6.0.1,1280x720,VIVO Y66_6.0.1_1280x720,否,否
Baidu MTC,Android,VIVO,VIVO Y75A,7.1.1,1440x720,VIVO Y75A_7.1.1_1440x720,否,否
Baidu MTC,Android,VIVO,VIVO X9,7.1.2,1920x1080,VIVO X9_7.1.2_1920x1080,否,否
Baidu MTC,Android,VIVO,VIVO X9 Plus,7.1.2,1920x1080,VIVO X9 Plus_7.1.2_1920x1080,否,否
Baidu MTC,Android,VIVO,VIVO X9 Plus,7.1.2,1920x1080,VIVO X9 Plus_7.1.2_1920x1080,否,否
Baidu MTC,Android,VIVO,VIVO X9i,7.1.2,1920x1080,VIVO X9i_7.1.2_1920x1080,否,否
Baidu MTC,Android,VIVO,VIVO U1,8.1.0,1520x720,VIVO U1_8.1.0_1520x720,否,否
Baidu MTC,Android,VIVO,VIVO X20,8.1.0,2160x1080,VIVO X20_8.1.0_2160x1080,否,否
Baidu MTC,Android,VIVO,VIVO X20 Plus,8.1.0,2160x1080,VIVO X20 Plus_8.1.0_2160x1080,否,否
Baidu MTC,Android,VIVO,VIVO X20A,8.1.0,2160x1080,VIVO X20A_8.1.0_2160x1080,否,否
Baidu MTC,Android,VIVO,VIVO X21A,8.1.0,2280x1080,VIVO X21A_8.1.0_2280x1080,否,否
Baidu MTC,Android,VIVO,VIVO X21iA,8.1.0,2280x1080,VIVO X21iA_8.1.0_2280x1080,否,否
Baidu MTC,Android,VIVO,VIVO X9s,8.1.0,1920x1080,VIVO X9s_8.1.0_1920x1080,否,否
Baidu MTC,Android,VIVO,VIVO X9s Plus,8.1.0,1920x1080,VIVO X9s Plus_8.1.0_1920x1080,否,否
Baidu MTC,Android,VIVO,VIVO X9s Plus,8.1.0,1920x1080,VIVO X9s Plus_8.1.0_1920x1080,否,否
Baidu MTC,Android,VIVO,VIVO Y71A,8.1.0,1440x720,VIVO Y71A_8.1.0_1440x720,否,否
Baidu MTC,Android,VIVO,VIVO Y73,8.1.0,1440x720,VIVO Y73_8.1.0_1440x720,否,否
Baidu MTC,Android,VIVO,VIVO Y75s,8.1.0,1440x720,VIVO Y75s_8.1.0_1440x720,否,否
Baidu MTC,Android,VIVO,VIVO Y81s,8.1.0,1520x720,VIVO Y81s_8.1.0_1520x720,否,否
Baidu MTC,Android,VIVO,VIVO Y83A,8.1.0,1520x720,VIVO Y83A_8.1.0_1520x720,否,否
Baidu MTC,Android,VIVO,VIVO Y83A,8.1.0,1520x720,VIVO Y83A_8.1.0_1520x720,否,否
Baidu MTC,Android,VIVO,VIVO Y85A,8.1.0,2280x1080,VIVO Y85A_8.1.0_2280x1080,否,否
Baidu MTC,Android,VIVO,VIVO Y91,8.1.0,1520x720,VIVO Y91_8.1.0_1520x720,否,否
Baidu MTC,Android,VIVO,VIVO Y93(海外),8.1.0,1520x720,VIVO Y93(海外)_8.1.0_1520x720,是,否
Baidu MTC,Android,VIVO,VIVO Y93s,8.1.0,1520x720,VIVO Y93s_8.1.0_1520x720,否,否
Baidu MTC,Android,VIVO,VIVO Y93s,8.1.0,1520x720,VIVO Y93s_8.1.0_1520x720,否,否
Baidu MTC,Android,VIVO,VIVO Y97 全网通,8.1.0,2280x1080,VIVO Y97 全网通_8.1.0_2280x1080,否,否
Baidu MTC,Android,VIVO,VIVO Z1,8.1.0,2280x1080,VIVO Z1_8.1.0_2280x1080,否,否
Baidu MTC,Android,Xiaomi(小米),红米 7(海外),9.0,1520x720,红米 7(海外)_9.0_1520x720,是,否
Baidu MTC,Android,Xiaomi(小米),红米 Note 6 Pro(海外),9.0,2280x1080,红米 Note 6 Pro(海外)_9.0_2280x1080,是,否
Baidu MTC,Android,Xiaomi(小米),小米 9(海外),10,2340x1080,小米 9(海外)_10_2340x1080,是,否
Baidu MTC,Android,Xiaomi(小米),小米 MIX 2S(海外),10,2160x1080,小米 MIX 2S(海外)_10_2160x1080,是,否
Baidu MTC,Android,Xiaomi(小米),小米 POCO X3(海外),10,2499x1080,小米 POCO X3(海外)_10_2499x1080,是,否
Baidu MTC,Android,Xiaomi(小米),小米 POCOPHONE F1(海外),10,2246x1080,小米 POCOPHONE F1(海外)_10_2246x1080,是,否
Baidu MTC,Android,Xiaomi(小米),红米 Note 8 Pro(海外),10,1560x1080,红米 Note 8 Pro(海外)_10_1560x1080,是,否
Baidu MTC,Android,Xiaomi(小米),红米 Note 9(海外),10,2340x1080,红米 Note 9(海外)_10_2340x1080,是,否
Baidu MTC,Android,Xiaomi(小米),小米 10T(海外),11,2400x1080,小米 10T(海外)_11_2400x1080,是,否
Baidu MTC,Android,Xiaomi(小米),小米 11 Lite 4G(海外),11,2499x1080,小米 11 Lite 4G(海外)_11_2499x1080,是,否
Baidu MTC,Android,Xiaomi(小米),小米 9T(海外),11,2340x1080,小米 9T(海外)_11_2340x1080,是,否
Baidu MTC,Android,Xiaomi(小米),小米 A3(海外),11,3200x720,小米 A3(海外)_11_3200x720,是,否
Baidu MTC,Android,Xiaomi(小米),小米 POCO X4 Pro 5G(海外),11,2400x1080,小米 POCO X4 Pro 5G(海外)_11_2400x1080,是,否
Baidu MTC,Android,Xiaomi(小米),小米11 Lite5G NE(海外),11,2166x1080,小米11 Lite5G NE(海外)_11_2166x1080,是,否
Baidu MTC,Android,Xiaomi(小米),小米POCO M3 Pro(海外),11,2167x1080,小米POCO M3 Pro(海外)_11_2167x1080,是,否
Baidu MTC,Android,Xiaomi(小米),小米 12(海外),12,2400x1080,小米 12(海外)_12_2400x1080,是,否
Baidu MTC,Android,Xiaomi(小米),小米 POCO F4 GT(海外),12,2400x1080,小米 POCO F4 GT(海外)_12_2400x1080,是,否
Baidu MTC,Android,Xiaomi(小米),小米 POCO X3 Pro(海外),12,2400x1080,小米 POCO X3 Pro(海外)_12_2400x1080,是,否
Baidu MTC,Android,Xiaomi(小米),小米 11(海外),13,3200x1440,小米 11(海外)_13_3200x1440,是,否
Baidu MTC,Android,Xiaomi(小米),小米 POCO M5s(海外),13,2400x1080,小米 POCO M5s(海外)_13_2400x1080,是,否
Baidu MTC,Android,Xiaomi(小米),红米 Note 10 5G(海外),13,2400x1080,红米 Note 10 5G(海外)_13_2400x1080,是,否
Baidu MTC,Android,Xiaomi(小米),小米 11T Pro(海外),14,2400x1080,小米 11T Pro(海外)_14_2400x1080,是,否
Baidu MTC,Android,Xiaomi(小米),小米 12 Lite(海外),14,2400x1080,小米 12 Lite(海外)_14_2400x1080,是,否
Baidu MTC,Android,Xiaomi(小米),红米Note 12 Pro(海外),14,2400x1080,红米Note 12 Pro(海外)_14_2400x1080,是,否
Baidu MTC,Android,Xiaomi(小米),小米 MAX 2(海外),7.1.1,1920x1080,小米 MAX 2(海外)_7.1.1_1920x1080,是,否
Baidu MTC,Android,YOTA,YOTA3双面阅读,7.1.1,1920x1080,YOTA3双面阅读_7.1.1_1920x1080,否,否
Baidu MTC,Android,iQOO(VIVO),iQOO U1x,10,1600x720,iQOO U1x_10_1600x720,否,否
Baidu MTC,Android,iQOO(VIVO),iQOO U3,10,2400x1080,iQOO U3_10_2400x1080,否,否
Baidu MTC,Android,iQOO(VIVO),iQOO Z1x,10,2408x1080,iQOO Z1x_10_2408x1080,否,否
Baidu MTC,Android,iQOO(VIVO),iQOO,11,2400x1080,iQOO_11_2400x1080,否,否
Baidu MTC,Android,iQOO(VIVO),iQOO Pro 5G,11,2340x1080,iQOO Pro 5G_11_2340x1080,否,否
Baidu MTC,Android,iQOO(VIVO),iQOO Pro 5G,11,2340x1080,iQOO Pro 5G_11_2340x1080,否,否
Baidu MTC,Android,iQOO(VIVO),iQOO U3x,11,2408x1080,iQOO U3x_11_2408x1080,否,否
Baidu MTC,Android,iQOO(VIVO),iQOO Neo3 5G,12,2340x1080,iQOO Neo3 5G_12_2340x1080,否,否
Baidu MTC,Android,iQOO(VIVO),iQOO Z1 5G,12,2408x1080,iQOO Z1 5G_12_2408x1080,否,否
Baidu MTC,Android,iQOO(VIVO),iQOO 10,13,2400x1080,iQOO 10_13_2400x1080,否,否
Baidu MTC,Android,iQOO(VIVO),iQOO 3 5G,13,2400x1080,iQOO 3 5G_13_2400x1080,否,否
Baidu MTC,Android,iQOO(VIVO),iQOO 5,13,2376x1080,iQOO 5_13_2376x1080,否,否
Baidu MTC,Android,iQOO(VIVO),iQOO 5 Pro,13,2376x1080,iQOO 5 Pro_13_2376x1080,否,否
Baidu MTC,Android,iQOO(VIVO),iQOO Neo5 5G,13,2340x1080,iQOO Neo5 5G_13_2340x1080,否,否
Baidu MTC,Android,iQOO(VIVO),iQOO Z3 5G,13,2408x1080,iQOO Z3 5G_13_2408x1080,否,否
Baidu MTC,Android,iQOO(VIVO),iQOO Z5 5G全网通,13,2400x1080,iQOO Z5 5G全网通_13_2400x1080,否,否
Baidu MTC,Android,iQOO(VIVO),iQOO Z7x,13,2388x1080,iQOO Z7x_13_2388x1080,否,否
Baidu MTC,Android,iQOO(VIVO),iQOO 11,14,3200x1440,iQOO 11_14_3200x1440,否,否
Baidu MTC,Android,iQOO(VIVO),iQOO 11 pro,14,2400x1080,iQOO 11 pro_14_2400x1080,否,否
Baidu MTC,Android,iQOO(VIVO),iQOO 11s,14,3200x1440,iQOO 11s_14_3200x1440,否,否
Baidu MTC,Android,iQOO(VIVO),iQOO 7 5G,14,2400x1080,iQOO 7 5G_14_2400x1080,否,否
Baidu MTC,Android,iQOO(VIVO),iQOO 8 Pro全网通,14,2400x1080,iQOO 8 Pro全网通_14_2400x1080,否,否
Baidu MTC,Android,iQOO(VIVO),iQOO 8 全网通,14,2376x1080,iQOO 8 全网通_14_2376x1080,否,否
Baidu MTC,Android,iQOO(VIVO),iQOO 9,14,2400x1080,iQOO 9_14_2400x1080,否,否
Baidu MTC,Android,iQOO(VIVO),iQOO 9 Pro,14,3200x1440,iQOO 9 Pro_14_3200x1440,否,否
Baidu MTC,Android,iQOO(VIVO),iQOO Neo6 5G,14,2400x1080,iQOO Neo6 5G_14_2400x1080,否,否
Baidu MTC,Android,iQOO(VIVO),iQOO Neo6 SE 5G,14,2400x1080,iQOO Neo6 SE 5G_14_2400x1080,否,否
Baidu MTC,Android,iQOO(VIVO),iQOO Neo8 Pro,14,2800x1260,iQOO Neo8 Pro_14_2800x1260,否,否
Baidu MTC,Android,iQOO(VIVO),iQOO Neo9,14,2800x1260,iQOO Neo9_14_2800x1260,否,否
Baidu MTC,Android,iQOO(VIVO),iQOO Neo9S Pro+,14,2800x1260,iQOO Neo9S Pro+_14_2800x1260,否,否
Baidu MTC,Android,iQOO(VIVO),iQOO Z6 5G,14,2388x1080,iQOO Z6 5G_14_2388x1080,否,否
Baidu MTC,Android,iQOO(VIVO),iQOO Z8,14,2388x1080,iQOO Z8_14_2388x1080,否,否
Baidu MTC,Android,iQOO(VIVO),iQOO Z9,14,2800x1260,iQOO Z9_14_2800x1260,否,否
Baidu MTC,Android,iQOO(VIVO),iQOO Neo10,15,2800x1260,iQOO Neo10_15_2800x1260,否,否
Baidu MTC,Android,iQOO(VIVO),iQOO Neo10 Pro+,15,3168x1440,iQOO Neo10 Pro+_15_3168x1440,否,否
Baidu MTC,Android,iQOO(VIVO),iQOO Neo7 5G,15,2400x1080,iQOO Neo7 5G_15_2400x1080,否,否
Baidu MTC,Android,iQOO(VIVO),iQOO Neo8,15,2800x1260,iQOO Neo8_15_2800x1260,否,否
Baidu MTC,Android,iQOO(VIVO),iQOO Neo9S Pro,15,2800x1260,iQOO Neo9S Pro_15_2800x1260,否,否
Baidu MTC,Android,iQOO(VIVO),iQOO Z9 Turbo,15,2800x1260,iQOO Z9 Turbo_15_2800x1260,否,否
Baidu MTC,Android,iQOO(VIVO),iQOO Z9 Turbo,15,2800x1260,iQOO Z9 Turbo_15_2800x1260,否,否
Baidu MTC,Android,iQOO(VIVO),iQOO 13,16,3168x1440,iQOO 13_16_3168x1440,否,否
Baidu MTC,Android,iQOO(VIVO),iQOO 15,16,3168x1440,iQOO 15_16_3168x1440,否,否
Baidu MTC,Android,iQOO(VIVO),iQOO Neo11,16,3168x1440,iQOO Neo11_16_3168x1440,否,否
Baidu MTC,Android,iQOO(VIVO),iQOO Neo9 Pro,16,2800x1260,iQOO Neo9 Pro_16_2800x1260,否,否
Baidu MTC,Android,iQOO(VIVO),iQOO Z10 Turbo,16,2800x1260,iQOO Z10 Turbo_16_2800x1260,否,否
Baidu MTC,Android,iQOO(VIVO),iQOO Z10TurboPro,16,2800x1260,iQOO Z10TurboPro_16_2800x1260,否,否
Baidu MTC,Android,iQOO(VIVO),iQOO Z11 Turbo,16,2750x1260,iQOO Z11 Turbo_16_2750x1260,否,否
Baidu MTC,Android,itel(传音),itel VISION 5(海外),12,1612x720,itel VISION 5(海外)_12_1612x720,是,否
Baidu MTC,Android,lnfinix(传音),传音HOT 10S NFC(海外),11,1472x720,传音HOT 10S NFC(海外)_11_1472x720,是,否
Baidu MTC,Android,lnfinix(传音),传音HOT 12 Play(海外),11,1472x720,传音HOT 12 Play(海外)_11_1472x720,是,否
Baidu MTC,Android,outikel,OUKITEL C21(海外),10,2310x1080,OUKITEL C21(海外)_10_2310x1080,是,否
Baidu MTC,Android,vivo,vivo Y85A,8.1.0,2280x1080,vivo Y85A_8.1.0_2280x1080,否,否
Baidu MTC,Android,一加(OnePlus),一加 3,8.0,1920x1080,一加 3_8.0_1920x1080,否,否
Baidu MTC,Android,一加(OnePlus),一加 5T,9.0,2160x1080,一加 5T_9.0_2160x1080,否,否
Baidu MTC,Android,一加(OnePlus),一加 6T,9.0,2340x1080,一加 6T_9.0_2340x1080,否,否
Baidu MTC,Android,一加(OnePlus),一加 7,9.0,2340x1080,一加 7_9.0_2340x1080,否,否
Baidu MTC,Android,一加(OnePlus),一加 6,10,2280x1080,一加 6_10_2280x1080,否,否
Baidu MTC,Android,一加(OnePlus),一加 7 Pro,10,3120x1440,一加 7 Pro_10_3120x1440,否,否
Baidu MTC,Android,一加(OnePlus),一加 6T,11,2340x1080,一加 6T_11_2340x1080,否,否
Baidu MTC,Android,一加(OnePlus),一加 8,11,2400x1080,一加 8_11_2400x1080,否,否
Baidu MTC,Android,一加(OnePlus),一加 8 Pro,11,3168x1440,一加 8 Pro_11_3168x1440,否,否
Baidu MTC,Android,一加(OnePlus),一加 8T,11,2400x1080,一加 8T_11_2400x1080,否,否
Baidu MTC,Android,一加(OnePlus),一加 9RT,12,2400x1080,一加 9RT_12_2400x1080,否,否
Baidu MTC,Android,一加(OnePlus),一加 8,13,2400x1080,一加 8_13_2400x1080,否,否
Baidu MTC,Android,一加(OnePlus),一加 9,14,2400x1080,一加 9_14_2400x1080,否,否
Baidu MTC,Android,一加(OnePlus),一加 9 Pro,14,2412x1080,一加 9 Pro_14_2412x1080,否,否
Baidu MTC,Android,一加(OnePlus),一加 9R,14,2400x1080,一加 9R_14_2400x1080,否,否
Baidu MTC,Android,一加(OnePlus),一加 Ace Pro,14,2412x1080,一加 Ace Pro_14_2412x1080,否,否
Baidu MTC,Android,一加(OnePlus),一加 Ace2 Pro,14,2772x1240,一加 Ace2 Pro_14_2772x1240,否,否
Baidu MTC,Android,一加(OnePlus),一加 10 Pro,15,3216x1440,一加 10 Pro_15_3216x1440,否,否
Baidu MTC,Android,一加(OnePlus),一加 11,15,2412x1080,一加 11_15_2412x1080,否,否
Baidu MTC,Android,一加(OnePlus),一加 Ace2V,15,2772x1240,一加 Ace2V_15_2772x1240,否,否
Baidu MTC,Android,一加(OnePlus),一加 Ace竞速版,15,2412x1080,一加 Ace竞速版_15_2412x1080,否,否
Baidu MTC,Android,一加(OnePlus),一加 12,16,3168x1440,一加 12_16_3168x1440,否,否
Baidu MTC,Android,一加(OnePlus),一加 13,16,3168x1440,一加 13_16_3168x1440,否,否
Baidu MTC,Android,一加(OnePlus),一加 13T,16,2640x1216,一加 13T_16_2640x1216,否,否
Baidu MTC,Android,一加(OnePlus),一加 15,16,2772x1272,一加 15_16_2772x1272,否,否
Baidu MTC,Android,一加(OnePlus),一加 15T,16,2640x1216,一加 15T_16_2640x1216,否,否
Baidu MTC,Android,一加(OnePlus),一加 Ace 2,16,2772x1240,一加 Ace 2_16_2772x1240,否,否
Baidu MTC,Android,一加(OnePlus),一加 Ace 3,16,2780x1264,一加 Ace 3_16_2780x1264,否,否
Baidu MTC,Android,一加(OnePlus),一加 Ace 3V,16,2772x1240,一加 Ace 3V_16_2772x1240,否,否
Baidu MTC,Android,一加(OnePlus),一加 Ace 5,16,2780x1264,一加 Ace 5_16_2780x1264,否,否
Baidu MTC,Android,一加(OnePlus),一加 Ace 5 Pro,16,2780x1264,一加 Ace 5 Pro_16_2780x1264,否,否
Baidu MTC,Android,一加(OnePlus),一加 Ace 6,16,2800x1272,一加 Ace 6_16_2800x1272,否,否
Baidu MTC,Android,一加(OnePlus),一加 Ace 6T,16,2800x1272,一加 Ace 6T_16_2800x1272,否,否
Baidu MTC,Android,一加(OnePlus),一加 2,6.0.1,1920x1080,一加 2_6.0.1_1920x1080,否,否
Baidu MTC,Android,一加(OnePlus),一加 3T,6.0.1,1920x1080,一加 3T_6.0.1_1920x1080,否,否
Baidu MTC,Android,一加(OnePlus),一加 5,7.1.1,1920x1080,一加 5_7.1.1_1920x1080,否,否
Baidu MTC,Android,一加(OnePlus),一加 5T,7.1.1,2160x1080,一加 5T_7.1.1_2160x1080,否,否
Baidu MTC,Android,三星(SAMSUNG),三星 S6 Edge+,7.0,2560x1440,三星 S6 Edge+_7.0_2560x1440,否,否
Baidu MTC,Android,三星(SAMSUNG),三星 S6 全网通,7.0,2560x1440,三星 S6 全网通_7.0_2560x1440,否,否
Baidu MTC,Android,三星(SAMSUNG),三星 S7 Edge,7.0,2560x1440,三星 S7 Edge_7.0_2560x1440,否,否
Baidu MTC,Android,三星(SAMSUNG),三星 S7 Edge,7.0,2560x1440,三星 S7 Edge_7.0_2560x1440,否,否
Baidu MTC,Android,三星(SAMSUNG),三星 S8,7.0,2960x1440,三星 S8_7.0_2960x1440,否,否
Baidu MTC,Android,三星(SAMSUNG),三星 A9 Pro,8.0,1920x1080,三星 A9 Pro_8.0_1920x1080,否,否
Baidu MTC,Android,三星(SAMSUNG),三星 C5,8.0,1920x1080,三星 C5_8.0_1920x1080,否,否
Baidu MTC,Android,三星(SAMSUNG),三星 C7,8.0,1920x1080,三星 C7_8.0_1920x1080,否,否
Baidu MTC,Android,三星(SAMSUNG),三星 C9 Pro,8.0,1920x1080,三星 C9 Pro_8.0_1920x1080,否,否
Baidu MTC,Android,三星(SAMSUNG),三星 C9 Pro,8.0,1920x1080,三星 C9 Pro_8.0_1920x1080,否,否
Baidu MTC,Android,三星(SAMSUNG),三星 Note8 全网通,8.0,2960x1440,三星 Note8 全网通_8.0_2960x1440,否,否
Baidu MTC,Android,三星(SAMSUNG),三星 Note8移动版,8.0,2960x1440,三星 Note8移动版_8.0_2960x1440,否,否
Baidu MTC,Android,三星(SAMSUNG),三星 On5(2016),8.0,1280x720,三星 On5(2016)_8.0_1280x720,否,否
Baidu MTC,Android,三星(SAMSUNG),三星 On7(2016),8.0,1280x720,三星 On7(2016)_8.0_1280x720,否,否
Baidu MTC,Android,三星(SAMSUNG),三星 S8,8.0,2960x1440,三星 S8_8.0_2960x1440,否,否
Baidu MTC,Android,三星(SAMSUNG),三星 S8+,8.0,2960x1440,三星 S8+_8.0_2960x1440,否,否
Baidu MTC,Android,三星(SAMSUNG),三星 S8+,8.0,2960x1440,三星 S8+_8.0_2960x1440,否,否
Baidu MTC,Android,三星(SAMSUNG),三星 A80,9.0,2400x1080,三星 A80_9.0_2400x1080,否,否
Baidu MTC,Android,三星(SAMSUNG),三星 A9Star,9.0,2220x1080,三星 A9Star_9.0_2220x1080,否,否
Baidu MTC,Android,三星(SAMSUNG),三星 A9Star青春版,9.0,2220x1080,三星 A9Star青春版_9.0_2220x1080,否,否
Baidu MTC,Android,三星(SAMSUNG),三星 Note8全网通,9.0,2960x1440,三星 Note8全网通_9.0_2960x1440,否,否
Baidu MTC,Android,三星(SAMSUNG),三星 Note8移动版,9.0,2960x1440,三星 Note8移动版_9.0_2960x1440,否,否
Baidu MTC,Android,三星(SAMSUNG),三星 S8,9.0,2960x1440,三星 S8_9.0_2960x1440,否,否
Baidu MTC,Android,三星(SAMSUNG),三星 S轻奢版,9.0,2220x1080,三星 S轻奢版_9.0_2220x1080,否,否
Baidu MTC,Android,三星(SAMSUNG),三星 A9Star青春版,10,2220x1080,三星 A9Star青春版_10_2220x1080,否,否
Baidu MTC,Android,三星(SAMSUNG),三星 A9Star青春版,10,2220x1080,三星 A9Star青春版_10_2220x1080,否,否
Baidu MTC,Android,三星(SAMSUNG),三星 A9s,10,2220x1080,三星 A9s_10_2220x1080,否,否
Baidu MTC,Android,三星(SAMSUNG),三星 Fold折叠屏,10,2152x1536,三星 Fold折叠屏_10_2152x1536,否,是
Baidu MTC,Android,三星(SAMSUNG),三星 Note9,10,2960x1440,三星 Note9_10_2960x1440,否,否
Baidu MTC,Android,三星(SAMSUNG),三星 S10,10,3040x1440,三星 S10_10_3040x1440,否,否
Baidu MTC,Android,三星(SAMSUNG),三星 S9 移动4G+,10,2960x1440,三星 S9 移动4G+_10_2960x1440,否,否
Baidu MTC,Android,三星(SAMSUNG),三星 S9+,10,2960x1440,三星 S9+_10_2960x1440,否,否
Baidu MTC,Android,三星(SAMSUNG),三星 A80,11,2400x1080,三星 A80_11_2400x1080,否,否
Baidu MTC,Android,三星(SAMSUNG),三星 Note10+ 5G,11,3040x1440,三星 Note10+ 5G_11_3040x1440,否,否
Baidu MTC,Android,三星(SAMSUNG),三星 S21+5G,11,2400x1080,三星 S21+5G_11_2400x1080,否,否
Baidu MTC,Android,三星(SAMSUNG),三星 A52 5G,12,2400x1080,三星 A52 5G_12_2400x1080,否,否
Baidu MTC,Android,三星(SAMSUNG),三星 A71 5G,12,2400x1080,三星 A71 5G_12_2400x1080,否,否
Baidu MTC,Android,三星(SAMSUNG),三星 A90,12,2400x1080,三星 A90_12_2400x1080,否,否
Baidu MTC,Android,三星(SAMSUNG),三星 F52 5G,12,2408x1080,三星 F52 5G_12_2408x1080,否,否
Baidu MTC,Android,三星(SAMSUNG),三星 S20+,12,3200x1440,三星 S20+_12_3200x1440,否,否
Baidu MTC,Android,三星(SAMSUNG),三星 Z Flip3 5G,12,2640x1080,三星 Z Flip3 5G_12_2640x1080,否,否
Baidu MTC,Android,三星(SAMSUNG),三星平板 Tab A7,12,2000x1200,三星平板 Tab A7_12_2000x1200,否,否
Baidu MTC,Android,三星(SAMSUNG),三星 A51 5G,13,2400x1080,三星 A51 5G_13_2400x1080,否,否
Baidu MTC,Android,三星(SAMSUNG),三星 Note20 Ultra5G,13,3088x1440,三星 Note20 Ultra5G_13_3088x1440,否,否
Baidu MTC,Android,三星(SAMSUNG),三星 S20 5G,13,3200x1440,三星 S20 5G_13_3200x1440,否,否
Baidu MTC,Android,三星(SAMSUNG),三星 S20 FE5G,13,2400x1080,三星 S20 FE5G_13_2400x1080,否,否
Baidu MTC,Android,三星(SAMSUNG),三星 Z Flip折叠屏,13,2636x1080,三星 Z Flip折叠屏_13_2636x1080,否,是
Baidu MTC,Android,三星(SAMSUNG),三星 Z Fold2 5G折叠屏,13,2260x816,三星 Z Fold2 5G折叠屏_13_2260x816,否,是
Baidu MTC,Android,三星(SAMSUNG),三星平板 Tab S6 Lite,13,2000x1200,三星平板 Tab S6 Lite_13_2000x1200,否,否
Baidu MTC,Android,三星(SAMSUNG),三星 A53 5G,14,2400x1080,三星 A53 5G_14_2400x1080,否,否
Baidu MTC,Android,三星(SAMSUNG),三星 S21 5G,14,2400x1080,三星 S21 5G_14_2400x1080,否,否
Baidu MTC,Android,三星(SAMSUNG),三星 S22 5G,14,2340x1080,三星 S22 5G_14_2340x1080,否,否
Baidu MTC,Android,三星(SAMSUNG),三星 Z Fold5(折叠屏),14,2176x1812,三星 Z Fold5(折叠屏)_14_2176x1812,否,是
Baidu MTC,Android,三星(SAMSUNG),三星Galaxy Tab S10+,14,2800x1752,三星Galaxy Tab S10+_14_2800x1752,否,否
Baidu MTC,Android,三星(SAMSUNG),三星 A55,15,2340x1080,三星 A55_15_2340x1080,否,否
Baidu MTC,Android,三星(SAMSUNG),三星 A56,16,2340x1080,三星 A56_16_2340x1080,否,否
Baidu MTC,Android,三星(SAMSUNG),三星 S23,16,2340x1080,三星 S23_16_2340x1080,否,否
Baidu MTC,Android,三星(SAMSUNG),三星 S25,16,2340x1080,三星 S25_16_2340x1080,否,否
Baidu MTC,Android,三星(SAMSUNG),三星 S25 Ultra,16,3120x1440,三星 S25 Ultra_16_3120x1440,否,否
Baidu MTC,Android,三星(SAMSUNG),三星 Z Fold7(折叠屏),16,2520x1080,三星 Z Fold7(折叠屏)_16_2520x1080,否,是
Baidu MTC,Android,三星(SAMSUNG),三星Galaxy S25+,16,3210x1440,三星Galaxy S25+_16_3210x1440,否,否
Baidu MTC,Android,三星(SAMSUNG),三星Galaxy S26,16,2340x1080,三星Galaxy S26_16_2340x1080,否,否
Baidu MTC,Android,三星(SAMSUNG),三星Galaxy S26 Ultra,16,3120x1440,三星Galaxy S26 Ultra_16_3120x1440,否,否
Baidu MTC,Android,三星(SAMSUNG),三星Galaxy S26+,16,3120x1440,三星Galaxy S26+_16_3120x1440,否,否
Baidu MTC,Android,三星(SAMSUNG),三星Galaxy W25 Flip,16,2640x1080,三星Galaxy W25 Flip_16_2640x1080,否,否
Baidu MTC,Android,三星(SAMSUNG),三星 W2016,5.1.1,1280x768,三星 W2016_5.1.1_1280x768,否,否
Baidu MTC,Android,三星(SAMSUNG),三星 A7电信版,6.0.1,1920x1080,三星 A7电信版_6.0.1_1920x1080,否,否
Baidu MTC,Android,三星(SAMSUNG),三星 A9,6.0.1,1920x1080,三星 A9_6.0.1_1920x1080,否,否
Baidu MTC,Android,三星(SAMSUNG),三星 C5 Pro,6.0.1,1920x1080,三星 C5 Pro_6.0.1_1920x1080,否,否
Baidu MTC,Android,三星(SAMSUNG),三星 Folder,6.0.1,800x480,三星 Folder_6.0.1_800x480,否,否
Baidu MTC,Android,三星(SAMSUNG),三星 Folder2,6.0.1,800x480,三星 Folder2_6.0.1_800x480,否,否
Baidu MTC,Android,三星(SAMSUNG),三星 S6 Edge,6.0.1,2560x1440,三星 S6 Edge_6.0.1_2560x1440,否,否
Baidu MTC,Android,三星(SAMSUNG),三星 A6s,8.1.0,2220x1080,三星 A6s_8.1.0_2220x1080,否,否
Baidu MTC,Android,三星(SAMSUNG),三星 A8s,8.1.0,2340x1080,三星 A8s_8.1.0_2340x1080,否,否
Baidu MTC,Android,中兴(ZTE),中兴 BA603,7.0,1280x720,中兴 BA603_7.0_1280x720,否,否
Baidu MTC,Android,中兴(ZTE),中兴 Blade A,7.0,1280x720,中兴 Blade A_7.0_1280x720,否,否
Baidu MTC,Android,中兴(ZTE),中兴 天机10 Pro,10,2340x1080,中兴 天机10 Pro_10_2340x1080,否,否
Baidu MTC,Android,中兴(ZTE),中兴 Axon 20 5G,12,2460x1080,中兴 Axon 20 5G_12_2460x1080,否,否
Baidu MTC,Android,中兴(ZTE),中兴 Axon 30 5G,12,2460x1080,中兴 Axon 30 5G_12_2460x1080,否,否
Baidu MTC,Android,中兴(ZTE),中兴 Axon 30 Pro5G,12,2400x1080,中兴 Axon 30 Pro5G_12_2400x1080,否,否
Baidu MTC,Android,中兴(ZTE),中兴 A606,8.1.0,1440x720,中兴 A606_8.1.0_1440x720,否,否
Baidu MTC,Android,中兴(ZTE),中兴 V9,8.1.0,2160x1080,中兴 V9_8.1.0_2160x1080,否,否
Baidu MTC,Android,中国电信,天翼1号 2021,10,2340x1080,天翼1号 2021_10_2340x1080,否,否
Baidu MTC,Android,中国电信,麦芒 10 SE 电信定制版,12.0.1,1600x720,麦芒 10 SE 电信定制版_12.0.1_1600x720,否,否
Baidu MTC,Android,中国移动,Nzone S7 Pro+5G,10,2400x1080,Nzone S7 Pro+5G_10_2400x1080,否,否
Baidu MTC,Android,中国移动,中国移动 N2,6.0.1,1920x1080,中国移动 N2_6.0.1_1920x1080,否,否
Baidu MTC,Android,中国联通,优畅享20 5G,10,1600x720,优畅享20 5G_10_1600x720,否,否
Baidu MTC,Android,乐视(LeEco),乐视 乐2,6.0,1920x1080,乐视 乐2_6.0_1920x1080,否,否
Baidu MTC,Android,乐视(LeEco),乐视 乐2移动定制版,6.0.1,1920x1080,乐视 乐2移动定制版_6.0.1_1920x1080,否,否
Baidu MTC,Android,努比亚(nubia),努比亚 Play5G,11,2340x1080,努比亚 Play5G_11_2340x1080,否,否
Baidu MTC,Android,努比亚(nubia),努比亚 红魔6R 5G,11,2400x1080,努比亚 红魔6R 5G_11_2400x1080,否,否
Baidu MTC,Android,努比亚(nubia),努比亚 Z30 Pro,12,2400x1080,努比亚 Z30 Pro_12_2400x1080,否,否
Baidu MTC,Android,努比亚(nubia),努比亚 红魔6S Pro5G,12,2400x1080,努比亚 红魔6S Pro5G_12_2400x1080,否,否
Baidu MTC,Android,努比亚(nubia),努比亚 红魔11 Pro,16,2688x1216,努比亚 红魔11 Pro_16_2688x1216,否,否
Baidu MTC,Android,努比亚(nubia),努比亚 Z11 MiniS,6.0.1,1920x1080,努比亚 Z11 MiniS_6.0.1_1920x1080,否,否
Baidu MTC,Android,努比亚(nubia),努比亚 Z17 Mini高配版,6.0.1,1920x1080,努比亚 Z17 Mini高配版_6.0.1_1920x1080,否,否
Baidu MTC,Android,努比亚(nubia),努比亚 Z17s,7.1.1,2040x1080,努比亚 Z17s_7.1.1_2040x1080,否,否
Baidu MTC,Android,努比亚(nubia),努比亚 Z17畅享版,7.1.1,1920x1080,努比亚 Z17畅享版_7.1.1_1920x1080,否,否
Baidu MTC,Android,努比亚(nubia),努比亚 V18,7.1.2,2160x1080,努比亚 V18_7.1.2_2160x1080,否,否
Baidu MTC,Android,努比亚(nubia),努比亚 X,8.1.0,2280x1080,努比亚 X_8.1.0_2280x1080,否,否
Baidu MTC,Android,努比亚(nubia),努比亚 Z18,8.1.0,2160x1080,努比亚 Z18_8.1.0_2160x1080,否,否
Baidu MTC,Android,努比亚(nubia),努比亚 Z18 Mini,8.1.0,2160x1080,努比亚 Z18 Mini_8.1.0_2160x1080,否,否
Baidu MTC,Android,努比亚(nubia),努比亚 红魔,9.0,2160x1080,努比亚 红魔_9.0_2160x1080,否,否
Baidu MTC,Android,努比亚(nubia),努比亚 红魔 Mars,9.0,2160x1080,努比亚 红魔 Mars_9.0_2160x1080,否,否
Baidu MTC,Android,华为(HUAWEI),华为 畅玩5,5.1,1280x720,华为 畅玩5_5.1_1280x720,否,否
Baidu MTC,Android,华为(HUAWEI),华为平板 揽阅M2青春版,5.1.1,1920x1080,华为平板 揽阅M2青春版_5.1.1_1920x1080,否,否
Baidu MTC,Android,华为(HUAWEI),华为 G9青春全网通,6.0,1920x1080,华为 G9青春全网通_6.0_1920x1080,否,否
Baidu MTC,Android,华为(HUAWEI),华为 G9青春移动版,6.0,1920x1080,华为 G9青春移动版_6.0_1920x1080,否,否
Baidu MTC,Android,华为(HUAWEI),华为 Mate8 联通版,6.0,1920x1080,华为 Mate8 联通版_6.0_1920x1080,否,否
Baidu MTC,Android,华为(HUAWEI),华为 P9 标准版,6.0,1920x1080,华为 P9 标准版_6.0_1920x1080,否,否
Baidu MTC,Android,华为(HUAWEI),华为 畅享6,6.0,1280x720,华为 畅享6_6.0_1280x720,否,否
Baidu MTC,Android,华为(HUAWEI),华为 畅享6S,6.0,1280x720,华为 畅享6S_6.0_1280x720,否,否
Baidu MTC,Android,华为(HUAWEI),华为 畅玩5C,6.0,1920x1080,华为 畅玩5C_6.0_1920x1080,否,否
Baidu MTC,Android,华为(HUAWEI),华为 畅玩6,6.0,1080x720,华为 畅玩6_6.0_1080x720,否,否
Baidu MTC,Android,华为(HUAWEI),华为 麦芒4,6.0.1,1920x1080,华为 麦芒4_6.0.1_1920x1080,否,否
Baidu MTC,Android,华为(HUAWEI),华为 G9 Plus,7.0,1920x1080,华为 G9 Plus_7.0_1920x1080,否,否
Baidu MTC,Android,华为(HUAWEI),华为 Nova,7.0,1920x1080,华为 Nova_7.0_1920x1080,否,否
Baidu MTC,Android,华为(HUAWEI),华为 Nova 青春版,7.0,1920x1080,华为 Nova 青春版_7.0_1920x1080,否,否
Baidu MTC,Android,华为(HUAWEI),华为 Nova2 移动全网通,7.0,1920x1080,华为 Nova2 移动全网通_7.0_1920x1080,否,否
Baidu MTC,Android,华为(HUAWEI),华为 畅享7,7.0,1280x720,华为 畅享7_7.0_1280x720,否,否
Baidu MTC,Android,华为(HUAWEI),华为 畅享7 Plus,7.0,1280x720,华为 畅享7 Plus_7.0_1280x720,否,否
Baidu MTC,Android,华为(HUAWEI),华为 麦芒5,7.0,1920x1080,华为 麦芒5_7.0_1920x1080,否,否
Baidu MTC,Android,华为(HUAWEI),华为 麦芒6,7.0,2160x1080,华为 麦芒6_7.0_2160x1080,否,否
Baidu MTC,Android,华为(HUAWEI),华为 Mate10,8.0,2560x1440,华为 Mate10_8.0_2560x1440,否,否
Baidu MTC,Android,华为(HUAWEI),华为 Mate8 联通版,8.0,1920x1080,华为 Mate8 联通版_8.0_1920x1080,否,否
Baidu MTC,Android,华为(HUAWEI),华为 Nova2 Plus,8.0,1920x1080,华为 Nova2 Plus_8.0_1920x1080,否,否
Baidu MTC,Android,华为(HUAWEI),华为 Nova2 Plus,8.0,1920x1080,华为 Nova2 Plus_8.0_1920x1080,否,否
Baidu MTC,Android,华为(HUAWEI),华为 Nova2s,8.0,2160x1080,华为 Nova2s_8.0_2160x1080,否,否
Baidu MTC,Android,华为(HUAWEI),华为 Nova2s 移动版,8.0,2160x1080,华为 Nova2s 移动版_8.0_2160x1080,否,否
Baidu MTC,Android,华为(HUAWEI),华为 P10 Plus全网通,8.0,2560x1440,华为 P10 Plus全网通_8.0_2560x1440,否,否
Baidu MTC,Android,华为(HUAWEI),华为 P9 Plus,8.0,1920x1080,华为 P9 Plus_8.0_1920x1080,否,否
Baidu MTC,Android,华为(HUAWEI),华为 P9 标准版,8.0,1920x1080,华为 P9 标准版_8.0_1920x1080,否,否
Baidu MTC,Android,华为(HUAWEI),华为 畅享7S,8.0,2160x1080,华为 畅享7S_8.0_2160x1080,否,否
Baidu MTC,Android,华为(HUAWEI),华为 畅享8e,8.0,1440x720,华为 畅享8e_8.0_1440x720,否,否
Baidu MTC,Android,华为(HUAWEI),华为 畅享8全网通,8.0,1440x720,华为 畅享8全网通_8.0_1440x720,否,否
Baidu MTC,Android,华为(HUAWEI),华为 畅享8全网通,8.0,1440x720,华为 畅享8全网通_8.0_1440x720,否,否
Baidu MTC,Android,华为(HUAWEI),华为 畅玩6X,8.0,1920x1080,华为 畅玩6X_8.0_1920x1080,否,否
Baidu MTC,Android,华为(HUAWEI),华为 畅玩7C,8.0,1440x720,华为 畅玩7C_8.0_1440x720,否,否
Baidu MTC,Android,华为(HUAWEI),华为 畅玩7X,8.0,2160x1080,华为 畅玩7X_8.0_2160x1080,否,否
Baidu MTC,Android,华为(HUAWEI),华为 畅玩7X,8.0,2160x1080,华为 畅玩7X_8.0_2160x1080,否,否
Baidu MTC,Android,华为(HUAWEI),华为 麦芒6,8.0,2160x1080,华为 麦芒6_8.0_2160x1080,否,否
Baidu MTC,Android,华为(HUAWEI),华为 Nova3,9.0,2340x1080,华为 Nova3_9.0_2340x1080,否,否
Baidu MTC,Android,华为(HUAWEI),华为 Nova3,9.0,2340x1080,华为 Nova3_9.0_2340x1080,否,否
Baidu MTC,Android,华为(HUAWEI),华为 Nova3e,9.0,2280x1080,华为 Nova3e_9.0_2280x1080,否,否
Baidu MTC,Android,华为(HUAWEI),华为 畅享7S高配版,9.0,2160x1080,华为 畅享7S高配版_9.0_2160x1080,否,否
Baidu MTC,Android,华为(HUAWEI),华为 畅享8 Plus,9.0,2160x1080,华为 畅享8 Plus_9.0_2160x1080,否,否
Baidu MTC,Android,华为(HUAWEI),华为 畅享9e,9.0,1560x720,华为 畅享9e_9.0_1560x720,否,否
Baidu MTC,Android,华为(HUAWEI),华为 畅享9e,9.0,1560x720,华为 畅享9e_9.0_1560x720,否,否
Baidu MTC,Android,华为(HUAWEI),华为 畅享Max,9.0,2244x1080,华为 畅享Max_9.0_2244x1080,否,否
Baidu MTC,Android,华为(HUAWEI),华为 畅玩7X,9.0,2160x1080,华为 畅玩7X_9.0_2160x1080,否,否
Baidu MTC,Android,华为(HUAWEI),华为 Mate10 Pro,10,2160x1080,华为 Mate10 Pro_10_2160x1080,否,否
Baidu MTC,Android,华为(HUAWEI),华为 畅享10e,10,1600x720,华为 畅享10e_10_1600x720,否,否
Baidu MTC,Android,华为(HUAWEI),华为 麦芒7,10,2340x1080,华为 麦芒7_10_2340x1080,否,否
Baidu MTC,Android,华为(HUAWEI),华为 畅享8e青春版,8.1.0,1440x720,华为 畅享8e青春版_8.1.0_1440x720,否,否
Baidu MTC,Android,华为(HUAWEI),华为 畅享9 Plus标配版,8.1.0,2340x1080,华为 畅享9 Plus标配版_8.1.0_2340x1080,否,否
Baidu MTC,Android,华为(HUAWEI),华为 畅享9 全网通,8.1.0,1520x720,华为 畅享9 全网通_8.1.0_1520x720,否,否
Baidu MTC,Android,华为(HUAWEI),华为 畅玩7,8.1.0,1440x720,华为 畅玩7_8.1.0_1440x720,否,否
Baidu MTC,Android,华硕(ASUS),华硕 ROG游戏手机5s,13,2448x1080,华硕 ROG游戏手机5s_13_2448x1080,否,否
Baidu MTC,Android,华硕(ASUS),华硕 Zenfone3,6.0.1,1920x1080,华硕 Zenfone3_6.0.1_1920x1080,否,否
Baidu MTC,Android,夏普(SHARP),夏普 S3 mini,7.1.1,2040x1080,夏普 S3 mini_7.1.1_2040x1080,否,否
Baidu MTC,Android,夏普(SHARP),夏普 S2,8.0,2040x1080,夏普 S2_8.0_2040x1080,否,否
Baidu MTC,Android,小米(Xiaomi),小米 Max,7.0,2160x1080,小米 Max_7.0_2160x1080,否,否
Baidu MTC,Android,小米(Xiaomi),小米 5s,8.0,1920x1080,小米 5s_8.0_1920x1080,否,否
Baidu MTC,Android,小米(Xiaomi),小米 5s Plus,8.0,1920x1080,小米 5s Plus_8.0_1920x1080,否,否
Baidu MTC,Android,小米(Xiaomi),小米 6,8.0,1920x1080,小米 6_8.0_1920x1080,否,否
Baidu MTC,Android,小米(Xiaomi),小米 Mix,8.0,2040x1080,小米 Mix_8.0_2040x1080,否,否
Baidu MTC,Android,小米(Xiaomi),小米 Note2,8.0,1920x1080,小米 Note2_8.0_1920x1080,否,否
Baidu MTC,Android,小米(Xiaomi),小米 6,9.0,1920x1080,小米 6_9.0_1920x1080,否,否
Baidu MTC,Android,小米(Xiaomi),小米 6X,9.0,2160x1080,小米 6X_9.0_2160x1080,否,否
Baidu MTC,Android,小米(Xiaomi),小米 9,9.0,2340x1080,小米 9_9.0_2340x1080,否,否
Baidu MTC,Android,小米(Xiaomi),小米 CC9 美图定制版,9.0,2340x1080,小米 CC9 美图定制版_9.0_2340x1080,否,否
Baidu MTC,Android,小米(Xiaomi),小米 CC9 美图定制版,9.0,2340x1080,小米 CC9 美图定制版_9.0_2340x1080,否,否
Baidu MTC,Android,小米(Xiaomi),小米 Mix2,9.0,2160x1080,小米 Mix2_9.0_2160x1080,否,否
Baidu MTC,Android,小米(Xiaomi),小米 10青春版,10,2400x1080,小米 10青春版_10_2400x1080,否,否
Baidu MTC,Android,小米(Xiaomi),小米 8SE,10,2240x1080,小米 8SE_10_2240x1080,否,否
Baidu MTC,Android,小米(Xiaomi),小米 8UD,10,2248x1080,小米 8UD_10_2248x1080,否,否
Baidu MTC,Android,小米(Xiaomi),小米 8青春版,10,2340x1080,小米 8青春版_10_2340x1080,否,否
Baidu MTC,Android,小米(Xiaomi),小米 9,10,2340x1080,小米 9_10_2340x1080,否,否
Baidu MTC,Android,小米(Xiaomi),小米 9 Pro5G,10,2340x1080,小米 9 Pro5G_10_2340x1080,否,否
Baidu MTC,Android,小米(Xiaomi),小米 9se,10,2340x1080,小米 9se_10_2340x1080,否,否
Baidu MTC,Android,小米(Xiaomi),小米 Max3,10,2160x1080,小米 Max3_10_2160x1080,否,否
Baidu MTC,Android,小米(Xiaomi),小米 Mix2S,10,2160x1080,小米 Mix2S_10_2160x1080,否,否
Baidu MTC,Android,小米(Xiaomi),小米 Mix3,10,2340x1080,小米 Mix3_10_2340x1080,否,否
Baidu MTC,Android,小米(Xiaomi),小米 10s,11,2340x1080,小米 10s_11_2340x1080,否,否
Baidu MTC,Android,小米(Xiaomi),小米 11 青春版,11,2400x1080,小米 11 青春版_11_2400x1080,否,否
Baidu MTC,Android,小米(Xiaomi),小米 CC9 Pro,11,2340x1080,小米 CC9 Pro_11_2340x1080,否,否
Baidu MTC,Android,小米(Xiaomi),小米 11,12,3200x1440,小米 11_12_3200x1440,否,否
Baidu MTC,Android,小米(Xiaomi),小米 11 Pro,12,3200x1440,小米 11 Pro_12_3200x1440,否,否
Baidu MTC,Android,小米(Xiaomi),小米 11 Ultra,12,3200x1440,小米 11 Ultra_12_3200x1440,否,否
Baidu MTC,Android,小米(Xiaomi),小米 12X,12,2400x1080,小米 12X_12_2400x1080,否,否
Baidu MTC,Android,小米(Xiaomi),小米 Mix Fold折叠屏,12,2520x840,小米 Mix Fold折叠屏_12_2520x840,否,是
Baidu MTC,Android,小米(Xiaomi),小米 10,13,2340x1080,小米 10_13_2340x1080,否,否
Baidu MTC,Android,小米(Xiaomi),小米 10 Pro5G,13,2340x1080,小米 10 Pro5G_13_2340x1080,否,否
Baidu MTC,Android,小米(Xiaomi),小米 12,13,2400x1080,小米 12_13_2400x1080,否,否
Baidu MTC,Android,小米(Xiaomi),小米13 Ultra,13,3200x1440,小米13 Ultra_13_3200x1440,否,否
Baidu MTC,Android,小米(Xiaomi),小米平板5,13,2560x1600,小米平板5_13_2560x1600,否,否
Baidu MTC,Android,小米(Xiaomi),小米平板5 Pro,13,2560x1600,小米平板5 Pro_13_2560x1600,否,否
Baidu MTC,Android,小米(Xiaomi),小米 12 Pro,14,3200x1440,小米 12 Pro_14_3200x1440,否,否
Baidu MTC,Android,小米(Xiaomi),小米 13,14,2400x1080,小米 13_14_2400x1080,否,否
Baidu MTC,Android,小米(Xiaomi),小米 13,14,2400x1080,小米 13_14_2400x1080,否,否
Baidu MTC,Android,小米(Xiaomi),小米 Mix Fold 2折叠屏,14,2160x1914,小米 Mix Fold 2折叠屏_14_2160x1914,否,是
Baidu MTC,Android,小米(Xiaomi),小米 Mix4,14,2400x1080,小米 Mix4_14_2400x1080,否,否
Baidu MTC,Android,小米(Xiaomi),小米平板6,14,2800x1800,小米平板6_14_2800x1800,否,否
Baidu MTC,Android,小米(Xiaomi),小米平板6 Pro,14,2800x1800,小米平板6 Pro_14_2800x1800,否,否
Baidu MTC,Android,小米(Xiaomi),小米 12S Pro,15,3200x1440,小米 12S Pro_15_3200x1440,否,否
Baidu MTC,Android,小米(Xiaomi),小米 14,15,2670x1200,小米 14_15_2670x1200,否,否
Baidu MTC,Android,小米(Xiaomi),小米 14 Pro,15,3200x1440,小米 14 Pro_15_3200x1440,否,否
Baidu MTC,Android,小米(Xiaomi),小米 15,15,2670x1200,小米 15_15_2670x1200,否,否
Baidu MTC,Android,小米(Xiaomi),小米 Mix Fold 3折叠屏,15,2160x1914,小米 Mix Fold 3折叠屏_15_2160x1914,否,是
Baidu MTC,Android,小米(Xiaomi),小米 13 Pro,16,3200x1440,小米 13 Pro_16_3200x1440,否,否
Baidu MTC,Android,小米(Xiaomi),小米 14,16,2670x1200,小米 14_16_2670x1200,否,否
Baidu MTC,Android,小米(Xiaomi),小米 15 Pro,16,3200x1440,小米 15 Pro_16_3200x1440,否,否
Baidu MTC,Android,小米(Xiaomi),小米 15 Ultra,16,3200x1440,小米 15 Ultra_16_3200x1440,否,否
Baidu MTC,Android,小米(Xiaomi),小米 15S Pro,16,3200x1440,小米 15S Pro_16_3200x1440,否,否
Baidu MTC,Android,小米(Xiaomi),小米 17,16,2656x1220,小米 17_16_2656x1220,否,否
Baidu MTC,Android,小米(Xiaomi),小米 17 Pro,16,2656x1220,小米 17 Pro_16_2656x1220,否,否
Baidu MTC,Android,小米(Xiaomi),小米 17 ProMax,16,2608x1200,小米 17 ProMax_16_2608x1200,否,否
Baidu MTC,Android,小米(Xiaomi),小米 17 Ultra,16,2608x1200,小米 17 Ultra_16_2608x1200,否,否
Baidu MTC,Android,小米(Xiaomi),小米 Flip 2,16,2912x1224,小米 Flip 2_16_2912x1224,否,否
Baidu MTC,Android,小米(Xiaomi),小米 MIX Flip 小折叠屏,16,2912x1224,小米 MIX Flip 小折叠屏_16_2912x1224,否,是
Baidu MTC,Android,小米(Xiaomi),小米 Mix Fold4折叠屏,16,2488x2224,小米 Mix Fold4折叠屏_16_2488x2224,否,是
Baidu MTC,Android,小米(Xiaomi),小米 Pad 7,16,3200x2136,小米 Pad 7_16_3200x2136,否,否
Baidu MTC,Android,小米(Xiaomi),小米 Pad 8,16,3200x2136,小米 Pad 8_16_3200x2136,否,否
Baidu MTC,Android,小米(Xiaomi),小米 Pad 8 Pro,16,3200x2136,小米 Pad 8 Pro_16_3200x2136,否,否
Baidu MTC,Android,小米(Xiaomi),小米 3,6.0.1,1920x1080,小米 3_6.0.1_1920x1080,否,否
Baidu MTC,Android,小米(Xiaomi),小米 Max2,7.1.1,1920x1080,小米 Max2_7.1.1_1920x1080,否,否
Baidu MTC,Android,小米(Xiaomi),小米 5C,7.1.2,1920x1080,小米 5C_7.1.2_1920x1080,否,否
Baidu MTC,Android,小米(Xiaomi),小米 5X,8.1.0,1920x1080,小米 5X_8.1.0_1920x1080,否,否
Baidu MTC,Android,小米(Xiaomi),小米 5X,8.1.0,1920x1080,小米 5X_8.1.0_1920x1080,否,否
Baidu MTC,Android,小米(Xiaomi),小米 8,8.1.0,2248x1080,小米 8_8.1.0_2248x1080,否,否
Baidu MTC,Android,小米(Xiaomi),小米 Max3,8.1.0,2160x1080,小米 Max3_8.1.0_2160x1080,否,否
Baidu MTC,Android,小米(Xiaomi),小米 Play,8.1.0,2280x1080,小米 Play_8.1.0_2280x1080,否,否
Baidu MTC,Android,小米(Xiaomi),小米平板 Pad4,8.1.0,1920x1200,小米平板 Pad4_8.1.0_1920x1200,否,否
Baidu MTC,Android,小米(Xiaomi),小米平板4,8.1.0,1920x1080,小米平板4_8.1.0_1920x1080,否,否
Baidu MTC,Android,小辣椒,红辣椒 GM-Q5+高配版,6.0.1,1280x720,红辣椒 GM-Q5+高配版_6.0.1_1280x720,否,否
Baidu MTC,Android,摩托罗拉(moto),摩托罗拉 Z2 play,7.1.1,1920x1080,摩托罗拉 Z2 play_7.1.1_1920x1080,否,否
Baidu MTC,Android,摩托罗拉(moto),摩托罗拉 青柚1s,8.0,2160x1080,摩托罗拉 青柚1s_8.0_2160x1080,否,否
Baidu MTC,Android,摩托罗拉(moto),摩托罗拉 Eedge s Pro,11,2400x1080,摩托罗拉 Eedge s Pro_11_2400x1080,否,否
Baidu MTC,Android,摩托罗拉(moto),摩托罗拉 Eedge s,12,2580x1080,摩托罗拉 Eedge s_12_2580x1080,否,否
Baidu MTC,Android,朵唯(DOOV),朵唯 A19,6.0,1440x720,朵唯 A19_6.0_1440x720,否,否
Baidu MTC,Android,朵唯(DOOV),朵唯 L520,6.0,1280x720,朵唯 L520_6.0_1280x720,否,否
Baidu MTC,Android,朵唯(DOOV),朵唯 L9,6.0,1920x1080,朵唯 L9_6.0_1920x1080,否,否
Baidu MTC,Android,海信(Hisense),海信 A5Pro经典版,10,1440x720,海信 A5Pro经典版_10_1440x720,否,否
Baidu MTC,Android,海信(Hisense),海信 A7,10,1800x900,海信 A7_10_1800x900,否,否
Baidu MTC,Android,海信(Hisense),海信平板 E81,5.1.1,1280x720,海信平板 E81_5.1.1_1280x720,否,否
Baidu MTC,Android,海信(Hisense),海信 H10,7.1.2,1920x1080,海信 H10_7.1.2_1920x1080,否,否
Baidu MTC,Android,科大讯飞,AI学习机 S30,9.0,2000x1200,AI学习机 S30_9.0_2000x1200,否,否
Baidu MTC,Android,科大讯飞,AI学习机 T20 Pro,12,2560x1600,AI学习机 T20 Pro_12_2560x1600,否,否
Baidu MTC,Android,科大讯飞,AI学习机 T30 Lite,13,2560x1600,AI学习机 T30 Lite_13_2560x1600,否,否
Baidu MTC,Android,索尼(SONY),索尼 Xperia Z5,5.1.1,1920x1080,索尼 Xperia Z5_5.1.1_1920x1080,否,否
Baidu MTC,Android,索尼(SONY),索尼 Xperia XZ Premium,7.1.1,3840x2160,索尼 Xperia XZ Premium_7.1.1_3840x2160,否,否
Baidu MTC,Android,索尼(SONY),索尼 XA2,8.0,1920x1080,索尼 XA2_8.0_1920x1080,否,否
Baidu MTC,Android,索尼(SONY),索尼 Xperia XZ1,8.0,1920x1080,索尼 Xperia XZ1_8.0_1920x1080,否,否
Baidu MTC,Android,索尼(SONY),索尼 Xperia XZ2,8.0,2160x1080,索尼 Xperia XZ2_8.0_2160x1080,否,否
Baidu MTC,Android,索尼(SONY),索尼 Xperia XZ2,8.0,2160x1080,索尼 Xperia XZ2_8.0_2160x1080,否,否
Baidu MTC,Android,索尼(SONY),索尼 Xperia XZ2 Premium,8.0,3840x2160,索尼 Xperia XZ2 Premium_8.0_3840x2160,否,否
Baidu MTC,Android,索尼(SONY),索尼 Xperia XZ1,9.0,1920x1080,索尼 Xperia XZ1_9.0_1920x1080,否,否
Baidu MTC,Android,索尼(SONY),索尼 Xperia XZ3,9.0,2880x1440,索尼 Xperia XZ3_9.0_2880x1440,否,否
Baidu MTC,Android,索尼(SONY),索尼 Xperia XZ3,9.0,2880x1440,索尼 Xperia XZ3_9.0_2880x1440,否,否
Baidu MTC,Android,索尼(SONY),索尼 Xperia 1 III,12,2560x1080,索尼 Xperia 1 III_12_2560x1080,否,否
Baidu MTC,Android,索尼(SONY),索尼 Xperia 5 II,12,2520x1080,索尼 Xperia 5 II_12_2520x1080,否,否
Baidu MTC,Android,红米(Redmi),红米 Note 4,6.0,1920x1080,红米 Note 4_6.0_1920x1080,否,否
Baidu MTC,Android,红米(Redmi),红米 6,9.0,1440x720,红米 6_9.0_1440x720,否,否
Baidu MTC,Android,红米(Redmi),红米 6Pro,9.0,2280x1080,红米 6Pro_9.0_2280x1080,否,否
Baidu MTC,Android,红米(Redmi),红米 6Pro,9.0,2280x1080,红米 6Pro_9.0_2280x1080,否,否
Baidu MTC,Android,红米(Redmi),红米 7,9.0,2340x1080,红米 7_9.0_2340x1080,否,否
Baidu MTC,Android,红米(Redmi),红米 7A,9.0,1440x720,红米 7A_9.0_1440x720,否,否
Baidu MTC,Android,红米(Redmi),红米 8,9.0,1520x720,红米 8_9.0_1520x720,否,否
Baidu MTC,Android,红米(Redmi),红米 K20,9.0,2340x1080,红米 K20_9.0_2340x1080,否,否
Baidu MTC,Android,红米(Redmi),红米 K20 Pro,9.0,2340x1080,红米 K20 Pro_9.0_2340x1080,否,否
Baidu MTC,Android,红米(Redmi),红米 Note 5,9.0,2160x1080,红米 Note 5_9.0_2160x1080,否,否
Baidu MTC,Android,红米(Redmi),红米 Note 7 Pro,9.0,2340x1080,红米 Note 7 Pro_9.0_2340x1080,否,否
Baidu MTC,Android,红米(Redmi),红米 Note 7 Pro,9.0,2340x1080,红米 Note 7 Pro_9.0_2340x1080,否,否
Baidu MTC,Android,红米(Redmi),红米 Note 8,9.0,2160x1080,红米 Note 8_9.0_2160x1080,否,否
Baidu MTC,Android,红米(Redmi),红米 10X,10,2340x1080,红米 10X_10_2340x1080,否,否
Baidu MTC,Android,红米(Redmi),红米 K30i 5G,10,2400x1080,红米 K30i 5G_10_2400x1080,否,否
Baidu MTC,Android,红米(Redmi),红米 K30s Ultra,10,2400x1080,红米 K30s Ultra_10_2400x1080,否,否
Baidu MTC,Android,红米(Redmi),红米 Note 7,10,2340x1080,红米 Note 7_10_2340x1080,否,否
Baidu MTC,Android,红米(Redmi),红米 Note 9 5G,10,2340x1080,红米 Note 9 5G_10_2340x1080,否,否
Baidu MTC,Android,红米(Redmi),红米 9,11,2340x1080,红米 9_11_2340x1080,否,否
Baidu MTC,Android,红米(Redmi),红米 9A,11,1600x720,红米 9A_11_1600x720,否,否
Baidu MTC,Android,红米(Redmi),红米 K30 Pro,11,2400x1080,红米 K30 Pro_11_2400x1080,否,否
Baidu MTC,Android,红米(Redmi),红米 K30 Pro,11,2400x1080,红米 K30 Pro_11_2400x1080,否,否
Baidu MTC,Android,红米(Redmi),红米 Note 8 Pro,11,2340x1080,红米 Note 8 Pro_11_2340x1080,否,否
Baidu MTC,Android,红米(Redmi),红米 10X Pro,12,2400x1080,红米 10X Pro_12_2400x1080,否,否
Baidu MTC,Android,红米(Redmi),红米 K30 5G,12,2400x1080,红米 K30 5G_12_2400x1080,否,否
Baidu MTC,Android,红米(Redmi),红米 K50 Pro,12,3200x1440,红米 K50 Pro_12_3200x1440,否,否
Baidu MTC,Android,红米(Redmi),红米 Note 10 5G,12,2400x1080,红米 Note 10 5G_12_2400x1080,否,否
Baidu MTC,Android,红米(Redmi),红米 Note 10 Pro,12,2400x1080,红米 Note 10 Pro_12_2400x1080,否,否
Baidu MTC,Android,红米(Redmi),红米 Note 11 5G,12,2400x1080,红米 Note 11 5G_12_2400x1080,否,否
Baidu MTC,Android,红米(Redmi),红米 Note 11 Pro+5G,12,2400x1080,红米 Note 11 Pro+5G_12_2400x1080,否,否
Baidu MTC,Android,红米(Redmi),红米 Note 11 Pro5G,12,2400x1080,红米 Note 11 Pro5G_12_2400x1080,否,否
Baidu MTC,Android,红米(Redmi),红米 Note 11 SE 5G,12,2400x1080,红米 Note 11 SE 5G_12_2400x1080,否,否
Baidu MTC,Android,红米(Redmi),红米 Note 11T Pro,12,2460x1080,红米 Note 11T Pro_12_2460x1080,否,否
Baidu MTC,Android,红米(Redmi),红米 Note 9 Pro5G,12,2340x1080,红米 Note 9 Pro5G_12_2340x1080,否,否
Baidu MTC,Android,红米(Redmi),红米 K40,13,2400x1080,红米 K40_13_2400x1080,否,否
Baidu MTC,Android,红米(Redmi),红米 K40S,13,2400x1080,红米 K40S_13_2400x1080,否,否
Baidu MTC,Android,红米(Redmi),红米 K50至尊版,13,2712x1220,红米 K50至尊版_13_2712x1220,否,否
Baidu MTC,Android,红米(Redmi),红米 Note 12 5G,13,2400x1080,红米 Note 12 5G_13_2400x1080,否,否
Baidu MTC,Android,红米(Redmi),红米 Note 12 Pro+5G,13,2400x1080,红米 Note 12 Pro+5G_13_2400x1080,否,否
Baidu MTC,Android,红米(Redmi),红米 Note 12T Pro,13,2460x1080,红米 Note 12T Pro_13_2460x1080,否,否
Baidu MTC,Android,红米(Redmi),红米 Note13,13,2400x1080,红米 Note13_13_2400x1080,否,否
Baidu MTC,Android,红米(Redmi),红米 Note13 Pro+,13,2712x1220,红米 Note13 Pro+_13_2712x1220,否,否
Baidu MTC,Android,红米(Redmi),红米 K40 Pro,14,2400x1080,红米 K40 Pro_14_2400x1080,否,否
Baidu MTC,Android,红米(Redmi),红米 K40 Pro+,14,2400x1080,红米 K40 Pro+_14_2400x1080,否,否
Baidu MTC,Android,红米(Redmi),红米 K50,14,3200x1440,红米 K50_14_3200x1440,否,否
Baidu MTC,Android,红米(Redmi),红米 K60 E,14,3200x1440,红米 K60 E_14_3200x1440,否,否
Baidu MTC,Android,红米(Redmi),红米 K60 Pro,14,2400x1080,红米 K60 Pro_14_2400x1080,否,否
Baidu MTC,Android,红米(Redmi),红米 Note 12 Pro5G,14,2400x1080,红米 Note 12 Pro5G_14_2400x1080,否,否
Baidu MTC,Android,红米(Redmi),红米 Note14,14,2400x1080,红米 Note14_14_2400x1080,否,否
Baidu MTC,Android,红米(Redmi),红米 Note14 Pro+,14,2712x1220,红米 Note14 Pro+_14_2712x1220,否,否
Baidu MTC,Android,红米(Redmi),红米 K60,15,3200x1440,红米 K60_15_3200x1440,否,否
Baidu MTC,Android,红米(Redmi),红米 K60至尊版,15,2712x1220,红米 K60至尊版_15_2712x1220,否,否
Baidu MTC,Android,红米(Redmi),红米 K70 Pro,15,3200x1440,红米 K70 Pro_15_3200x1440,否,否
Baidu MTC,Android,红米(Redmi),红米 Note 12 Turbo,15,2400x1080,红米 Note 12 Turbo_15_2400x1080,否,否
Baidu MTC,Android,红米(Redmi),红米 Turbo 3,15,2712x1220,红米 Turbo 3_15_2712x1220,否,否
Baidu MTC,Android,红米(Redmi),红米 K70,16,3200x1440,红米 K70_16_3200x1440,否,否
Baidu MTC,Android,红米(Redmi),红米 K70 E,16,2712x1220,红米 K70 E_16_2712x1220,否,否
Baidu MTC,Android,红米(Redmi),红米 K70 Ultra,16,2712x1220,红米 K70 Ultra_16_2712x1220,否,否
Baidu MTC,Android,红米(Redmi),红米 K80,16,3200x1440,红米 K80_16_3200x1440,否,否
Baidu MTC,Android,红米(Redmi),红米 K80 Pro,16,3200x1440,红米 K80 Pro_16_3200x1440,否,否
Baidu MTC,Android,红米(Redmi),红米 K80 Ultra,16,2772x1280,红米 K80 Ultra_16_2772x1280,否,否
Baidu MTC,Android,红米(Redmi),红米 K90,16,2510x1156,红米 K90_16_2510x1156,否,否
Baidu MTC,Android,红米(Redmi),红米 K90 ProMax,16,2608x1200,红米 K90 ProMax_16_2608x1200,否,否
Baidu MTC,Android,红米(Redmi),红米 Note13 Pro,16,2712x1220,红米 Note13 Pro_16_2712x1220,否,否
Baidu MTC,Android,红米(Redmi),红米 Note14 Pro,16,2712x1220,红米 Note14 Pro_16_2712x1220,否,否
Baidu MTC,Android,红米(Redmi),红米 Note15 Pro+,16,2772x1280,红米 Note15 Pro+_16_2772x1280,否,否
Baidu MTC,Android,红米(Redmi),红米 Turbo 4,16,2712x1220,红米 Turbo 4_16_2712x1220,否,否
Baidu MTC,Android,红米(Redmi),红米 Turbo 4 Pro,16,2772x1280,红米 Turbo 4 Pro_16_2772x1280,否,否
Baidu MTC,Android,红米(Redmi),红米 Turbo 5Max,16,2772x1280,红米 Turbo 5Max_16_2772x1280,否,否
Baidu MTC,Android,红米(Redmi),红米 4,6.0.1,1920x1080,红米 4_6.0.1_1920x1080,否,否
Baidu MTC,Android,红米(Redmi),红米 Note5A高配版,7.1.2,2160x1080,红米 Note5A高配版_7.1.2_2160x1080,否,否
Baidu MTC,Android,红米(Redmi),红米 5Plus,8.1.0,2160x1080,红米 5Plus_8.1.0_2160x1080,否,否
Baidu MTC,Android,红米(Redmi),红米 6A,8.1.0,1440x720,红米 6A_8.1.0_1440x720,否,否
Baidu MTC,Android,美图(meitu),美图 T9,8.1.0,2160x1080,美图 T9_8.1.0_2160x1080,否,否
Baidu MTC,Android,联想(Lenovo),联想 K5,7.0,1440x720,联想 K5_7.0_1440x720,否,否
Baidu MTC,Android,联想(Lenovo),联想 K5 Play,8.0,1440x720,联想 K5 Play_8.0_1440x720,否,否
Baidu MTC,Android,联想(Lenovo),联想 S5,8.0,2160x1080,联想 S5_8.0_2160x1080,否,否
Baidu MTC,Android,联想(Lenovo),联想 乐檬K12 Pro,10,1640x720,联想 乐檬K12 Pro_10_1640x720,否,否
Baidu MTC,Android,联想(Lenovo),联想平板 M10 PLUS,10,1920x1200,联想平板 M10 PLUS_10_1920x1200,否,否
Baidu MTC,Android,联想(Lenovo),联想平板 小新Pad,12,2000x1200,联想平板 小新Pad_12_2000x1200,否,否
Baidu MTC,Android,联想(Lenovo),联想平板 小新Pad Plus,12,2000x1200,联想平板 小新Pad Plus_12_2000x1200,否,否
Baidu MTC,Android,联想(Lenovo),联想平板 小新Pad Pro,13,2560x1600,联想平板 小新Pad Pro_13_2560x1600,否,否
Baidu MTC,Android,联想(Lenovo),联想平板 小新Pad Pro(骁龙版),14,2944x1840,联想平板 小新Pad Pro(骁龙版)_14_2944x1840,否,否
Baidu MTC,Android,联想(Lenovo),联想 Z1,5.1.1,1920x1080,联想 Z1_5.1.1_1920x1080,否,否
Baidu MTC,Android,联想(Lenovo),联想 乐檬3,5.1.1,1920x1080,联想 乐檬3_5.1.1_1920x1080,否,否
Baidu MTC,Android,联想(Lenovo),联想 VIBE P2,6.0.1,1920x1080,联想 VIBE P2_6.0.1_1920x1080,否,否
Baidu MTC,Android,联想(Lenovo),联想 K5 Note,8.1.0,1440x720,联想 K5 Note_8.1.0_1440x720,否,否
Baidu MTC,Android,联想(Lenovo),联想 S5 Pro,8.1.0,2246x1080,联想 S5 Pro_8.1.0_2246x1080,否,否
Baidu MTC,Android,联想(Lenovo),联想 Z5,8.1.0,2246x1080,联想 Z5_8.1.0_2246x1080,否,否
Baidu MTC,Android,荣耀(HONOR),荣耀 8 青春版,7.0,1920x1080,荣耀 8 青春版_7.0_1920x1080,否,否
Baidu MTC,Android,荣耀(HONOR),荣耀 Note8,7.0,2560x1440,荣耀 Note8_7.0_2560x1440,否,否
Baidu MTC,Android,荣耀(HONOR),荣耀 V8 双4G,7.0,1920x1080,荣耀 V8 双4G_7.0_1920x1080,否,否
Baidu MTC,Android,荣耀(HONOR),荣耀 7A,8.0,1440x720,荣耀 7A_8.0_1440x720,否,否
Baidu MTC,Android,荣耀(HONOR),荣耀 8 全网通标配,8.0,1920x1080,荣耀 8 全网通标配_8.0_1920x1080,否,否
Baidu MTC,Android,荣耀(HONOR),荣耀 8 全网通高配版,8.0,1920x1080,荣耀 8 全网通高配版_8.0_1920x1080,否,否
Baidu MTC,Android,荣耀(HONOR),荣耀 9i 高配版,8.0,2280x1080,荣耀 9i 高配版_8.0_2280x1080,否,否
Baidu MTC,Android,荣耀(HONOR),荣耀 9青春版全网标配版,8.0,2160x1080,荣耀 9青春版全网标配版_8.0_2160x1080,否,否
Baidu MTC,Android,荣耀(HONOR),荣耀 Note8,8.0,2560x1440,荣耀 Note8_8.0_2560x1440,否,否
Baidu MTC,Android,荣耀(HONOR),荣耀 V8 标准版,8.0,2560x1440,荣耀 V8 标准版_8.0_2560x1440,否,否
Baidu MTC,Android,荣耀(HONOR),荣耀 V9,8.0,2560x1440,荣耀 V9_8.0_2560x1440,否,否
Baidu MTC,Android,荣耀(HONOR),荣耀 平板5,8.0,1920x1200,荣耀 平板5_8.0_1920x1200,否,否
Baidu MTC,Android,荣耀(HONOR),荣耀 畅玩7A 高配全网通,8.0,1440x720,荣耀 畅玩7A 高配全网通_8.0_1440x720,否,否
Baidu MTC,Android,荣耀(HONOR),荣耀 10全网通尊享版,9.0,2280x1080,荣耀 10全网通尊享版_9.0_2280x1080,否,否
Baidu MTC,Android,荣耀(HONOR),荣耀 10全网通尊享版,9.0,2280x1080,荣耀 10全网通尊享版_9.0_2280x1080,否,否
Baidu MTC,Android,荣耀(HONOR),荣耀 10全网通高配版,9.0,2280x1080,荣耀 10全网通高配版_9.0_2280x1080,否,否
Baidu MTC,Android,荣耀(HONOR),荣耀 20青春版,9.0,2400x1080,荣耀 20青春版_9.0_2400x1080,否,否
Baidu MTC,Android,荣耀(HONOR),荣耀 8X Max,9.0,2244x1080,荣耀 8X Max_9.0_2244x1080,否,否
Baidu MTC,Android,荣耀(HONOR),荣耀 8X Max,9.0,2340x1080,荣耀 8X Max_9.0_2340x1080,否,否
Baidu MTC,Android,荣耀(HONOR),荣耀 9i 标配版,9.0,2280x1080,荣耀 9i 标配版_9.0_2280x1080,否,否
Baidu MTC,Android,荣耀(HONOR),荣耀 9i 高配版,9.0,2280x1080,荣耀 9i 高配版_9.0_2280x1080,否,否
Baidu MTC,Android,荣耀(HONOR),荣耀 Play3,9.0,1560x720,荣耀 Play3_9.0_1560x720,否,否
Baidu MTC,Android,荣耀(HONOR),荣耀 V10全网通高配版,9.0,2160x1080,荣耀 V10全网通高配版_9.0_2160x1080,否,否
Baidu MTC,Android,荣耀(HONOR),荣耀 9X,10,2340x1080,荣耀 9X_10_2340x1080,否,否
Baidu MTC,Android,荣耀(HONOR),荣耀 9X Pro,10,2340x1080,荣耀 9X Pro_10_2340x1080,否,否
Baidu MTC,Android,荣耀(HONOR),荣耀 Play 4T Pro,10,2400x1080,荣耀 Play 4T Pro_10_2400x1080,否,否
Baidu MTC,Android,荣耀(HONOR),荣耀 Play 5T活力版,10,1600x720,荣耀 Play 5T活力版_10_1600x720,否,否
Baidu MTC,Android,荣耀(HONOR),荣耀 Play5,10,2400x1080,荣耀 Play5_10_2400x1080,否,否
Baidu MTC,Android,荣耀(HONOR),荣耀 Play5T(紫光展锐),10,1600x720,荣耀 Play5T(紫光展锐)_10_1600x720,否,否
Baidu MTC,Android,荣耀(HONOR),荣耀 X10,10,2400x1080,荣耀 X10_10_2400x1080,否,否
Baidu MTC,Android,荣耀(HONOR),荣耀 平板7,10,1920x1200,荣耀 平板7_10_1920x1200,否,否
Baidu MTC,Android,荣耀(HONOR),荣耀 畅玩20,10,1600x720,荣耀 畅玩20_10_1600x720,否,否
Baidu MTC,Android,荣耀(HONOR),荣耀 畅玩9A,10,1600x720,荣耀 畅玩9A_10_1600x720,否,否
Baidu MTC,Android,荣耀(HONOR),荣耀 X20 SE,11,2400x1080,荣耀 X20 SE_11_2400x1080,否,否
Baidu MTC,Android,荣耀(HONOR),荣耀 畅玩30 Plus,11,1600x720,荣耀 畅玩30 Plus_11_1600x720,否,否
Baidu MTC,Android,荣耀(HONOR),荣耀Play6T,11,1600x720,荣耀Play6T_11_1600x720,否,否
Baidu MTC,Android,荣耀(HONOR),荣耀 50SE,12,2388x1080,荣耀 50SE_12_2388x1080,否,否
Baidu MTC,Android,荣耀(HONOR),荣耀 Play7T,12,1600x720,荣耀 Play7T_12_1600x720,否,否
Baidu MTC,Android,荣耀(HONOR),荣耀 Play7T Pro,12,2388x1080,荣耀 Play7T Pro_12_2388x1080,否,否
Baidu MTC,Android,荣耀(HONOR),荣耀 V40 5G,12,2676x1236,荣耀 V40 5G_12_2676x1236,否,否
Baidu MTC,Android,荣耀(HONOR),荣耀 V40 轻奢版,12,2340x1080,荣耀 V40 轻奢版_12_2340x1080,否,否
Baidu MTC,Android,荣耀(HONOR),荣耀 X20,12,2376x1080,荣耀 X20_12_2376x1080,否,否
Baidu MTC,Android,荣耀(HONOR),荣耀 X30i 5G,12,2388x1080,荣耀 X30i 5G_12_2388x1080,否,否
Baidu MTC,Android,荣耀(HONOR),荣耀 X40i 5G,12,2388x1080,荣耀 X40i 5G_12_2388x1080,否,否
Baidu MTC,Android,荣耀(HONOR),荣耀 平板V7,12,2000x1200,荣耀 平板V7_12_2000x1200,否,否
Baidu MTC,Android,荣耀(HONOR),荣耀60 SE,12,2400x1080,荣耀60 SE_12_2400x1080,否,否
Baidu MTC,Android,荣耀(HONOR),荣耀Play6T Pro,12,2388x720,荣耀Play6T Pro_12_2388x720,否,否
Baidu MTC,Android,荣耀(HONOR),荣耀 X30,13,2388x1080,荣耀 X30_13_2388x1080,否,否
Baidu MTC,Android,荣耀(HONOR),荣耀 X40,13,2400x1080,荣耀 X40_13_2400x1080,否,否
Baidu MTC,Android,荣耀(HONOR),荣耀 50,14,2340x1440,荣耀 50_14_2340x1440,否,否
Baidu MTC,Android,荣耀(HONOR),荣耀 50 Pro,14,2676x1236,荣耀 50 Pro_14_2676x1236,否,否
Baidu MTC,Android,荣耀(HONOR),荣耀 60,14,2400x1080,荣耀 60_14_2400x1080,否,否
Baidu MTC,Android,荣耀(HONOR),荣耀 60 Pro,14,2652x1200,荣耀 60 Pro_14_2652x1200,否,否
Baidu MTC,Android,荣耀(HONOR),荣耀 70,14,2400x1080,荣耀 70_14_2400x1080,否,否
Baidu MTC,Android,荣耀(HONOR),荣耀 70 Pro,14,2652x1200,荣耀 70 Pro_14_2652x1200,否,否
Baidu MTC,Android,荣耀(HONOR),荣耀 70 Pro+,14,2652x1200,荣耀 70 Pro+_14_2652x1200,否,否
Baidu MTC,Android,荣耀(HONOR),荣耀 Magic3,14,2772x1344,荣耀 Magic3_14_2772x1344,否,否
Baidu MTC,Android,荣耀(HONOR),荣耀 Magic3 Pro,14,2772x1344,荣耀 Magic3 Pro_14_2772x1344,否,否
Baidu MTC,Android,荣耀(HONOR),荣耀 Play 8T,14,2412x1080,荣耀 Play 8T_14_2412x1080,否,否
Baidu MTC,Android,荣耀(HONOR),荣耀 X40 GT,14,2388x1080,荣耀 X40 GT_14_2388x1080,否,否
Baidu MTC,Android,荣耀(HONOR),荣耀 X50,14,2652x1200,荣耀 X50_14_2652x1200,否,否
Baidu MTC,Android,荣耀(HONOR),荣耀 X50 GT,14,2652x1200,荣耀 X50 GT_14_2652x1200,否,否
Baidu MTC,Android,荣耀(HONOR),荣耀 X50i,14,2388x1080,荣耀 X50i _14_2388x1080,否,否
Baidu MTC,Android,荣耀(HONOR),荣耀 畅玩60 Plus,14,1610x720,荣耀 畅玩60 Plus_14_1610x720,否,否
Baidu MTC,Android,荣耀(HONOR),荣耀平板 V8 Pro,14,2560x1600,荣耀平板 V8 Pro_14_2560x1600,否,否
Baidu MTC,Android,荣耀(HONOR),荣耀 80,15,2400x1080,荣耀 80_15_2400x1080,否,否
Baidu MTC,Android,荣耀(HONOR),荣耀 80 Pro,15,2400x1080,荣耀 80 Pro_15_2400x1080,否,否
Baidu MTC,Android,荣耀(HONOR),荣耀 90,15,2664x1200,荣耀 90_15_2664x1200,否,否
Baidu MTC,Android,荣耀(HONOR),荣耀 90 Pro,15,2700x1224,荣耀 90 Pro_15_2700x1224,否,否
Baidu MTC,Android,荣耀(HONOR),荣耀 Magic4,15,2664x1224,荣耀 Magic4_15_2664x1224,否,否
Baidu MTC,Android,荣耀(HONOR),荣耀 Magic4 Pro,15,2848x1312,荣耀 Magic4 Pro_15_2848x1312,否,否
Baidu MTC,Android,荣耀(HONOR),荣耀 Magic6,15,2800x1264,荣耀 Magic6_15_2800x1264,否,否
Baidu MTC,Android,荣耀(HONOR),荣耀 X60,15,2412x1080,荣耀 X60_15_2412x1080,否,否
Baidu MTC,Android,荣耀(HONOR),荣耀 X60 Pro,15,2700x1224,荣耀 X60 Pro_15_2700x1224,否,否
Baidu MTC,Android,荣耀(HONOR),荣耀 X70,15,2640x1200,荣耀 X70_15_2640x1200,否,否
Baidu MTC,Android,荣耀(HONOR),荣耀 100,16,2664x1200,荣耀 100_16_2664x1200,否,否
Baidu MTC,Android,荣耀(HONOR),荣耀 100 Pro,16,2700x1224,荣耀 100 Pro_16_2700x1224,否,否
Baidu MTC,Android,荣耀(HONOR),荣耀 200,16,2664x1200,荣耀 200_16_2664x1200,否,否
Baidu MTC,Android,荣耀(HONOR),荣耀 200 Pro,16,2700x1224,荣耀 200 Pro_16_2700x1224,否,否
Baidu MTC,Android,荣耀(HONOR),荣耀 300,16,2664x1200,荣耀 300_16_2664x1200,否,否
Baidu MTC,Android,荣耀(HONOR),荣耀 300 Pro,16,2700x1224,荣耀 300 Pro_16_2700x1224,否,否
Baidu MTC,Android,荣耀(HONOR),荣耀 300 Ultra,16,2700x1224,荣耀 300 Ultra_16_2700x1224,否,否
Baidu MTC,Android,荣耀(HONOR),荣耀 400,16,2736x1264,荣耀 400_16_2736x1264,否,否
Baidu MTC,Android,荣耀(HONOR),荣耀 400 Pro,16,2736x1264,荣耀 400 Pro_16_2736x1264,否,否
Baidu MTC,Android,荣耀(HONOR),荣耀 500,16,2736x1264,荣耀 500_16_2736x1264,否,否
Baidu MTC,Android,荣耀(HONOR),荣耀 500 Pro,16,2736x1264,荣耀 500 Pro_16_2736x1264,否,否
Baidu MTC,Android,荣耀(HONOR),荣耀 90 GT,16,2664x1200,荣耀 90 GT_16_2664x1200,否,否
Baidu MTC,Android,荣耀(HONOR),荣耀 GT,16,2664x1200,荣耀 GT_16_2664x1200,否,否
Baidu MTC,Android,荣耀(HONOR),荣耀 Magic V Flip(折叠屏),16,2520x1080,荣耀 Magic V Flip(折叠屏)_16_2520x1080,否,是
Baidu MTC,Android,荣耀(HONOR),荣耀 Magic V2(折叠屏),16,2344x2156,荣耀 Magic V2(折叠屏)_16_2344x2156,否,是
Baidu MTC,Android,荣耀(HONOR),荣耀 Magic V5(折叠屏),16,2376x1060,荣耀 Magic V5(折叠屏)_16_2376x1060,否,是
Baidu MTC,Android,荣耀(HONOR),荣耀 Magic V6(折叠屏),16,2352x2172,荣耀 Magic V6(折叠屏)_16_2352x2172,否,是
Baidu MTC,Android,荣耀(HONOR),荣耀 Magic5,16,2664x1224,荣耀 Magic5_16_2664x1224,否,否
Baidu MTC,Android,荣耀(HONOR),荣耀 Magic5 Pro,16,2848x1312,荣耀 Magic5 Pro_16_2848x1312,否,否
Baidu MTC,Android,荣耀(HONOR),荣耀 Magic5 Pro,16,2848x1312,荣耀 Magic5 Pro_16_2848x1312,否,否
Baidu MTC,Android,荣耀(HONOR),荣耀 Magic6 Pro,16,2800x1280,荣耀 Magic6 Pro_16_2800x1280,否,否
Baidu MTC,Android,荣耀(HONOR),荣耀 Magic7,16,2800x1264,荣耀 Magic7_16_2800x1264,否,否
Baidu MTC,Android,荣耀(HONOR),荣耀 Magic7 Pro,16,2800x1264,荣耀 Magic7 Pro_16_2800x1264,否,否
Baidu MTC,Android,荣耀(HONOR),荣耀 Magic8,16,2760x1256,荣耀 Magic8_16_2760x1256,否,否
Baidu MTC,Android,荣耀(HONOR),荣耀 Magic8 Pro,16,2800x1260,荣耀 Magic8 Pro_16_2800x1260,否,否
Baidu MTC,Android,荣耀(HONOR),荣耀 Magic8 ProAir,16,2640x1216,荣耀 Magic8 ProAir_16_2640x1216,否,否
Baidu MTC,Android,荣耀(HONOR),荣耀 Power,16,2700x1224,荣耀 Power_16_2700x1224,否,否
Baidu MTC,Android,荣耀(HONOR),荣耀 WIN,16,2800x1272,荣耀 WIN_16_2800x1272,否,否
Baidu MTC,Android,荣耀(HONOR),荣耀 WIN RT,16,2800x1272,荣耀 WIN RT_16_2800x1272,否,否
Baidu MTC,Android,荣耀(HONOR),荣耀 7i,5.1.1,1920x1080,荣耀 7i_5.1.1_1920x1080,否,否
Baidu MTC,Android,荣耀(HONOR),荣耀 畅玩5X电信版,6.0.1,1920x1080,荣耀 畅玩5X电信版_6.0.1_1920x1080,否,否
Baidu MTC,Android,荣耀(HONOR),荣耀 畅玩8C,8.1.0,1520x720,荣耀 畅玩8C_8.1.0_1520x720,否,否
Baidu MTC,Android,诺基亚(Nokia),诺基亚 8 Sirocco,8.0,2560x1440,诺基亚 8 Sirocco_8.0_2560x1440,否,否
Baidu MTC,Android,诺基亚(Nokia),诺基亚 7 Plus,8.1.0,2160x1080,诺基亚 7 Plus_8.1.0_2160x1080,否,否
Baidu MTC,Android,诺基亚(Nokia),诺基亚 X6,8.1.0,2280x1080,诺基亚 X6_8.1.0_2280x1080,否,否
Baidu MTC,Android,诺基亚(Nokia),诺基亚 X5,9.0,1520x720,诺基亚 X5_9.0_1520x720,否,否
Baidu MTC,Android,诺基亚(Nokia),诺基亚 X7,9.0,2246x1080,诺基亚 X7_9.0_2246x1080,否,否
Baidu MTC,Android,谷歌(Google),谷歌Pixel 2(海外),10,1920x1080,谷歌Pixel 2(海外)_10_1920x1080,是,否
Baidu MTC,Android,谷歌(Google),谷歌Pixel(海外),10,1920x1080,谷歌Pixel(海外)_10_1920x1080,是,否
Baidu MTC,Android,谷歌(Google),谷歌Pixel 2(海外),11,1920x1080,谷歌Pixel 2(海外)_11_1920x1080,是,否
Baidu MTC,Android,谷歌(Google),谷歌Pixel 2XL(海外),11,2880x1440,谷歌Pixel 2XL(海外)_11_2880x1440,是,否
Baidu MTC,Android,谷歌(Google),谷歌Pixel XL(海外),11,2560x1440,谷歌Pixel XL(海外)_11_2560x1440,是,否
Baidu MTC,Android,谷歌(Google),谷歌Pixel 3(海外),12,2160x1080,谷歌Pixel 3(海外)_12_2160x1080,是,否
Baidu MTC,Android,谷歌(Google),谷歌Pixel 3XL(海外),12,2960x1440,谷歌Pixel 3XL(海外)_12_2960x1440,是,否
Baidu MTC,Android,谷歌(Google),谷歌Pixel 4(海外),12,2280x1080,谷歌Pixel 4(海外)_12_2280x1080,是,否
Baidu MTC,Android,谷歌(Google),谷歌Pixel 9(海外),16,2424x1080,谷歌Pixel 9(海外)_16_2424x1080,是,否
Baidu MTC,Android,谷歌(Google),谷歌Pixel 6a(海外),16 QPR1 Beta3,2400x1080,谷歌Pixel 6a(海外)_16 QPR1 Beta3_2400x1080,是,否
Baidu MTC,Android,谷歌(Google),谷歌Pixel 8(海外),17 202602,2400x1080,谷歌Pixel 8(海外)_17 202602_2400x1080,是,否
Baidu MTC,Android,谷歌(Google),谷歌Pixel 10(海外),17 Beta 2,2424x1080,谷歌Pixel 10(海外)_17 Beta 2_2424x1080,是,否
Baidu MTC,Android,酷派(Coolpad),酷派 Cool 20,11,1600x720,酷派 Cool 20_11_1600x720,否,否
Baidu MTC,Android,酷派(Coolpad),酷派 8721,4.4.4,1280x720,酷派 8721_4.4.4_1280x720,否,否
Baidu MTC,Android,酷派(Coolpad),酷派 峰尚 MAX,5.1.1,1920x1080,酷派 峰尚 MAX_5.1.1_1920x1080,否,否
Baidu MTC,Android,酷派(Coolpad),酷派 酷玩6,7.1.1,1920x1080,酷派 酷玩6_7.1.1_1920x1080,否,否
Baidu MTC,Android,酷派(Coolpad),酷派 Cool 12A,9.0,1520x720,酷派 Cool 12A_9.0_1520x720,否,否
Baidu MTC,Android,锤子(Smartisan),锤子 T2,5.1.1,1920x1080,锤子 T2_5.1.1_1920x1080,否,否
Baidu MTC,Android,锤子(Smartisan),锤子 坚果,5.1.1,1920x1080,锤子 坚果_5.1.1_1920x1080,否,否
Baidu MTC,Android,锤子(Smartisan),锤子 坚果 Pro,7.1.1,1920x1080,锤子 坚果 Pro_7.1.1_1920x1080,否,否
Baidu MTC,Android,锤子(Smartisan),锤子 坚果 Pro2,7.1.1,2160x1080,锤子 坚果 Pro2_7.1.1_2160x1080,否,否
Baidu MTC,Android,锤子(Smartisan),锤子 坚果3,7.1.2,2160x1080,锤子 坚果3_7.1.2_2160x1080,否,否
Baidu MTC,Android,锤子(Smartisan),锤子 坚果 Pro2S,8.1.0,2160x1080,锤子 坚果 Pro2S_8.1.0_2160x1080,否,否
Baidu MTC,Android,锤子(Smartisan),锤子 坚果R1,8.1.0,2240x1080,锤子 坚果R1_8.1.0_2240x1080,否,否
Baidu MTC,Android,飞利浦(PHILIPS),飞利浦 X598,7.0,1920x1080,飞利浦 X598_7.0_1920x1080,否,否
Baidu MTC,Android,魅族(Meizu),魅族 MX6全网通,6.0,1920x1080,魅族 MX6全网通_6.0_1920x1080,否,否
Baidu MTC,Android,魅族(Meizu),魅蓝 5s 移动定制版,6.0,1280x720,魅蓝 5s 移动定制版_6.0_1280x720,否,否
Baidu MTC,Android,魅族(Meizu),魅族 Pro6 Plus,7.0,2560x1440,魅族 Pro6 Plus_7.0_2560x1440,否,否
Baidu MTC,Android,魅族(Meizu),魅族 Pro7 PIus至臻版,7.0,2560x1440,魅族 Pro7 PIus至臻版_7.0_2560x1440,否,否
Baidu MTC,Android,魅族(Meizu),魅族 Pro7 Plus,7.0,2560x1440,魅族 Pro7 Plus_7.0_2560x1440,否,否
Baidu MTC,Android,魅族(Meizu),魅族 Pro7 标准版,7.0,1920x1080,魅族 Pro7 标准版_7.0_1920x1080,否,否
Baidu MTC,Android,魅族(Meizu),魅族 Pro7 高配版,7.0,1920x1080,魅族 Pro7 高配版_7.0_1920x1080,否,否
Baidu MTC,Android,魅族(Meizu),魅蓝 E 全网电信版,7.0,1920x1080,魅蓝 E 全网电信版_7.0_1920x1080,否,否
Baidu MTC,Android,魅族(Meizu),魅族 Note9,9.0,2244x1080,魅族 Note9_9.0_2244x1080,否,否
Baidu MTC,Android,魅族(Meizu),魅族 17,10,2340x1080,魅族 17_10_2340x1080,否,否
Baidu MTC,Android,魅族(Meizu),魅族 17 Pro,10,2340x1080,魅族 17 Pro_10_2340x1080,否,否
Baidu MTC,Android,魅族(Meizu),魅族 18,11,2400x1080,魅族 18_11_2400x1080,否,否
Baidu MTC,Android,魅族(Meizu),魅族 18x,11,2400x1080,魅族 18x_11_2400x1080,否,否
Baidu MTC,Android,魅族(Meizu),魅族 18 Pro,13,2400x1080,魅族 18 Pro_13_2400x1080,否,否
Baidu MTC,Android,魅族(Meizu),魅族 18s,13,2400x1080,魅族 18s_13_2400x1080,否,否
Baidu MTC,Android,魅族(Meizu),魅族 20,16,2400x1080,魅族 20_16_2400x1080,否,否
Baidu MTC,Android,魅族(Meizu),魅族 20 Pro,16,3200x1440,魅族 20 Pro_16_3200x1440,否,否
Baidu MTC,Android,魅族(Meizu),魅蓝 X 全网通,6.0.1,1920x1080,魅蓝 X 全网通_6.0.1_1920x1080,否,否
Baidu MTC,Android,魅族(Meizu),魅族 15,7.1.1,1920x1080,魅族 15_7.1.1_1920x1080,否,否
Baidu MTC,Android,魅族(Meizu),魅族 MX6全网通,7.1.1,1920x1080,魅族 MX6全网通_7.1.1_1920x1080,否,否
Baidu MTC,Android,魅族(Meizu),魅蓝 E3,7.1.1,2160x1080,魅蓝 E3_7.1.1_2160x1080,否,否
Baidu MTC,Android,魅族(Meizu),魅族 M15,7.1.2,1920x1080,魅族 M15_7.1.2_1920x1080,否,否
Baidu MTC,Android,魅族(Meizu),魅族 16X,8.1.0,2160x1080,魅族 16X_8.1.0_2160x1080,否,否
Baidu MTC,Android,魅族(Meizu),魅族 16th,8.1.0,2160x1080,魅族 16th_8.1.0_2160x1080,否,否
Baidu MTC,Android,魅族(Meizu),魅族 16th Plus,8.1.0,2160x1080,魅族 16th Plus_8.1.0_2160x1080,否,否
Baidu MTC,Android,魅族(Meizu),魅族 X8,8.1.0,2220x1080,魅族 X8_8.1.0_2220x1080,否,否
Baidu MTC,Android,黑莓(BlackBerry),黑莓 KEYone(海外),8.1.0,1620x1080,黑莓 KEYone(海外)_8.1.0_1620x1080,是,否
Baidu MTC,Android,黑鲨(BlackShark),黑鲨 游戏手机3,10,2400x1080,黑鲨 游戏手机3_10_2400x1080,否,否
Baidu MTC,Android,黑鲨(BlackShark),黑鲨 游戏手机4,11,2400x1080,黑鲨 游戏手机4_11_2400x1080,否,否
Baidu MTC,Android,黑鲨(BlackShark),黑鲨 游戏手机4 Pro,11,2400x1080,黑鲨 游戏手机4 Pro_11_2400x1080,否,否
Baidu MTC,Android,黑鲨(BlackShark),黑鲨 游戏手机,8.1.0,2160x1080,黑鲨 游戏手机_8.1.0_2160x1080,否,否
Baidu MTC,Android,黑鲨(BlackShark),黑鲨 游戏手机,8.1.0,2160x1080,黑鲨 游戏手机_8.1.0_2160x1080,否,否
Baidu MTC,Android,黑鲨(BlackShark),黑鲨游戏手机Helo,8.1.0,2160x1080,黑鲨游戏手机Helo_8.1.0_2160x1080,否,否
