dedupe_key,sources,match_type,wetest_hardware_models,wetest_model_names,wetest_brands,wetest_row_count,sauce_model_numbers,sauce_canonical_models,sauce_brands,sauce_os_versions_seen
16th,wetest,wetest_only,16th,魅族 16TH,MEIZU,1,,,,
21091116c,wetest,wetest_only,21091116C,红米 Note 11,Xiaomi,1,,,,
22011211c,wetest,wetest_only,22011211C,红米 K50 Pro,Xiaomi,2,,,,
2201123c,wetest,wetest_only,2201123C,小米 12,Xiaomi,1,,,,
22041216c,wetest,wetest_only,22041216C,Note 11T Pro,Xiaomi,1,,,,
22081212c,wetest,wetest_only,22081212C,红米 K50 Ultra,Xiaomi,1,,,,
23127pn0cc,wetest,wetest_only,23127PN0CC,小米 14,Xiaomi,1,,,,
2312dra50g,sauce_labs,sauce_labs_only,,,,0,2312DRA50G,Xiaomi Redmi Note 13 Pro 5G,Xiaomi,14
24129pn74c,wetest,wetest_only,24129PN74C,小米 15,Xiaomi,1,,,,
25019pnf3c,wetest,wetest_only,25019PNF3C,小米 15 Ultra,Xiaomi,1,,,,
2505apx7bc,wetest,wetest_only,2505APX7BC,小米 Mix Flip 2,XIAOMI,1,,,,
25060rk16c,wetest,wetest_only,25060RK16C,红米 K80 Ultra,Redmi,1,,,,
2511frt34c,wetest,wetest_only,2511FRT34C,,XIAOMI,1,,,,
aapan00,wetest,wetest_only,AAP-AN00,,HONOR,1,,,,
abral00,wetest,wetest_only,ABR-AL00,华为 P50,HUAWEI,1,,,,
abran00,wetest,wetest_only,ABR-AN00,,HONOR,1,,,,
adtan00,wetest,wetest_only,ADT-AN00,荣耀 X40 GT,HONOR,1,,,,
ampan10,wetest,wetest_only,AMP-AN10,荣耀 300 Ultra,HONOR,1,,,,
anaan00,wetest,wetest_only,ANA-AN00,华为 P40,HUAWEI,4,,,,
anelx1,wetest,wetest_only,ANE-LX1,华为 P20 lite,HUAWEI,1,,,,
anelx3,wetest,wetest_only,ANE-LX3,华为 P20 lite,HUAWEI,1,,,,
angan00,wetest,wetest_only,ANG-AN00,华为 nova 8 5G,HUAWEI,1,,,,
anpan00,wetest,wetest_only,ANP-AN00,荣耀 80 Pro,HONOR,1,,,,
aqmal10,wetest,wetest_only,AQM-AL10,荣耀 Play 4T Pro,HUAWEI,1,,,,
areal00,wetest,wetest_only,ARE-AL00,荣耀 8X Max,HONOR,1,,,,
arsal00,wetest,wetest_only,ARS-AL00,华为畅享MAX,HUAWEI,1,,,,
artal00x,wetest,wetest_only,ART-AL00x,华为 畅享10,HUAWEI,1,,,,
askal00x,wetest,wetest_only,ASK-AL00x,荣耀 Play 3,HUAWEI,1,,,,
asusi001da,wetest,wetest_only,ASUS_I001DA,华硕 ROG Phone 2 精英版,Asus,2,,,,
asusi003dd,wetest,wetest_only,ASUS_I003DD,华硕 ROG Phone 3,Asus,1,,,,
asusi005da,wetest,wetest_only,ASUS_I005DA,华硕ROG Phone 5 Rog5,Asus,1,,,,
atual10,wetest,wetest_only,ATU-AL10,华为 Y5 Prime,HUAWEI,1,,,,
bkqan00,wetest,wetest_only,BKQ-AN00,荣耀 Magic8,HONOR,1,,,,
bkqan10,wetest,wetest_only,BKQ-AN10,荣耀 Magic8 Pro,HONOR,1,,,,
blaal00,wetest,wetest_only,BLA-AL00,华为 Mate 10 Pro,HUAWEI,1,,,,
bmhan10,wetest,wetest_only,BMH-AN10,荣耀 30,HUAWEI,2,,,,
bndal00,wetest,wetest_only,BND-AL00,荣耀 7X,HUAWEI,1,,,,
bndal10,wetest,wetest_only,BND-AL10,荣耀畅玩 7X,HONOR,1,,,,
braal00,wetest,wetest_only,BRA-AL00,华为 Mate 60,HUAWEI,1,,,,
cdyan00,wetest,wetest_only,CDY-AN00,华为 nova 7 SE,HUAWEI,1,,,,
cdyan20,wetest,wetest_only,CDY-AN20,华为 nova 7 SE,HUAWEI,1,,,,
cdyan90,wetest,wetest_only,CDY-AN90,荣耀 30S,HUAWEI,2,,,,
cdytn00,wetest,wetest_only,CDY-TN00,华为 nova 7 SE,HUAWEI,1,,,,
cetal60,wetest,wetest_only,CET-AL60,华为 Mate 50E,HUAWEI,1,,,,
chlan00,wetest,wetest_only,CHL-AN00,荣耀 X20 SE,HONOR,1,,,,
cmaan00,wetest,wetest_only,CMA-AN00,荣耀 Play 30 Plus,HONOR,1,,,,
cph1911,wetest,wetest_only,CPH1911,OPPO F11,OPPO,1,,,,
cph1931,wetest,wetest_only,CPH1931,OPPO A5,OPPO,1,,,,
cph2015,wetest,wetest_only,CPH2015,OPPO A31,OPPO,1,,,,
dbrw10,wetest,wetest_only,DBR-W10,,HUAWEI,1,,,,
dnpan00,wetest,wetest_only,DNP-AN00,荣耀 400 Pro,HONOR,1,,,,
dubal00a,wetest,wetest_only,DUB-AL00a,华为 Enjoy 9,HUAWEI,1,,,,
dublx3,wetest,wetest_only,DUB-LX3,华为 Y7,HUAWEI,1,,,,
dvcan20,wetest,wetest_only,DVC-AN20,华为畅享20 Pro,HUAWEI,2,,,,
dvdan00,wetest,wetest_only,DVD-AN00,荣耀 Power,HONOR,1,,,,
ebgan00,wetest,wetest_only,EBG-AN00,荣耀 30 Pro,HUAWEI,2,,,,
eleal00,wetest,wetest_only,ELE-AL00,华为 P30,HUAWEI,4,,,,
elzan10,wetest,wetest_only,ELZ-AN10,荣耀 Magic3 Pro,HONOR,1,,,,
evral00,wetest,wetest_only,EVR-AL00,华为 Mate 20 X,HUAWEI,1,,,,
final60a,wetest,wetest_only,FIN-AL60a,华为 nova 12 Lite,HUAWEI,1,,,,
foaal00,wetest,wetest_only,FOA-AL00,华为 nova 11,HUAWEI,1,,,,
frdal10,wetest,wetest_only,FRD-AL10,荣耀8 高配版,HONOR,1,,,,
frlan00a,wetest,wetest_only,FRL-AN00a,华为 Enjoy 20 Plus 5G,HUAWEI,1,,,,
giaan00,wetest,wetest_only,GIA-AN00,荣耀 60 SE,HONOR,1,,,,
gm1900,wetest,wetest_only,GM1900,一加 7,OnePlus,1,,,,
gm1910,wetest,wetest_only,GM1910,一加 7 Pro,OnePlus,1,,,,
hlkal00,wetest,wetest_only,HLK-AL00,荣耀 9X,HUAWEI,2,,,,
hlkal10,wetest,wetest_only,HLK-AL10,荣耀 9X Pro,HONOR,3,,,,
hmaal00,wetest,wetest_only,HMA-AL00,华为 Mate 20,HUAWEI,3,,,,
hmatl00,wetest,wetest_only,HMA-TL00,华为 Mate 20,HUAWEI,1,,,,
in2010,wetest,wetest_only,IN2010,一加 8,OnePlus,1,,,,
in2020,wetest,wetest_only,IN2020,一加 8 Pro,OnePlus,1,,,,
jefan00,wetest,wetest_only,JEF-AN00,华为 nova7 5G,HUAWEI,3,,,,
jefan20,wetest,wetest_only,JEF-AN20,华为 nova 7 5G,HUAWEI,1,,,,
jeran10,wetest,wetest_only,JER-AN10,华为 nova 7 Pro 5G,HUAWEI,2,,,,
jeran20,wetest,wetest_only,JER-AN20,华为nova7 Pro 5G,HUAWEI,1,,,,
jkmal00a,wetest,wetest_only,JKM-AL00a,华为 Y9,HUAWEI,1,,,,
jkmal00b,wetest,wetest_only,JKM-AL00b,华为畅享9 Plus,HUAWEI,1,,,,
jkmlx1,wetest,wetest_only,JKM-LX1,华为 Y9,HUAWEI,1,,,,
jkmtl00,wetest,wetest_only,JKM-TL00,华为 Y9,HUAWEI,1,,,,
jnyal10,wetest,wetest_only,JNY-AL10,华为 nova 6 SE,HUAWEI,1,,,,
jscan00,wetest,wetest_only,JSC-AN00,华为 nova 8 SE,HUAWEI,1,,,,
jsnal00,wetest,wetest_only,JSN-AL00,荣耀 8X,HUAWEI,1,,,,
jsnal00a,wetest,wetest_only,JSN-AL00a,荣耀 8X,HUAWEI,1,,,,
juyal00,wetest,wetest_only,JUY-AL00,华为 Enjoy 80,HUAWEI,1,,,,
kb2000,wetest,wetest_only,KB2000,一加 8T 5G,OnePlus,1,,,,
le2110,wetest,wetest_only,LE2110,一加 9,OnePlus,1,,,,
le2120,wetest,wetest_only,LE2120,一加 9 Pro,OnePlus,1,,,,
lioan00m,wetest,wetest_only,LIO-AN00m,华为 Mate 30E Pro 5G,HUAWEI,1,,,,
lioan00p,wetest,wetest_only,LIO-AN00P,华为Mate30 RS 保时捷版,HUAWEI,1,,,,
lldal30,wetest,wetest_only,LLD-AL30,荣耀9i,HONOR,1,,,,
lonal00,wetest,wetest_only,LON-AL00,华为 Mate 9 pro,HUAWEI,1,,,,
lraal00,wetest,wetest_only,LRA-AL00,荣耀 20 lite,HUAWEI,1,,,,
lsaan00,wetest,wetest_only,LSA-AN00,荣耀60,HONOR,1,,,,
lyaal00,wetest,wetest_only,LYA-AL00,华为 Mate 20 Pro,HUAWEI,2,,,,
m2003j15sc,wetest,wetest_only,M2003J15SC,红米 10X 4G,Xiaomi,1,,,,
m2004j19c,wetest;sauce_labs,exact_model_number,M2004J19C,红米 9,Xiaomi,1,M2004J19C,Xiaomi Redmi Note 9,Xiaomi,11
m2006j10c,wetest,wetest_only,M2006J10C,红米 K30 至尊纪念版,Xiaomi,2,,,,
m2007j17c,wetest,wetest_only,M2007J17C,红米 Note 9 Pro 5G,Xiaomi,1,,,,
m2007j1sc,wetest,wetest_only,M2007J1SC,10 至尊纪念版,Xiaomi,1,,,,
m2011k2c,wetest,wetest_only,M2011K2C,小米11 5G,Xiaomi,1,,,,
m2012k11ac,wetest,wetest_only,M2012K11AC,红米 K40,Xiaomi,2,,,,
m2101k9c,wetest,wetest_only,M2101K9C,小米 Mi 11 Lite 5G,Xiaomi,1,,,,
m2102j2sc,wetest,wetest_only,M2102J2SC,小米10S,Xiaomi,1,,,,
m2104k10ac,wetest,wetest_only,M2104K10AC,红米Note10Pro,Xiaomi,1,,,,
mi10,wetest,wetest_only,Mi 10,小米10,Xiaomi,2,,,,
mi10pro,wetest,wetest_only,Mi 10 Pro,小米10 Pro,Xiaomi,1,,,,
mi9,wetest,wetest_only,MI 9,小米 9,Xiaomi,2,,,,
mi9transparentedition,wetest,wetest_only,MI 9 Transparent Edition,小米9 透明尊享版,Xiaomi,1,,,,
micc9e,wetest,wetest_only,MI CC 9e,小米 Mi CC9e,Xiaomi,1,,,,
mimax3,wetest,wetest_only,MI MAX 3,小米 Mi Max 3,Xiaomi,1,,,,
mix3,wetest,wetest_only,MIX 3,小米MIX 3,Xiaomi,1,,,,
mxwan00,wetest,wetest_only,MXW-AN00,荣耀 30 Youth,HUAWEI,3,,,,
ncoal00,wetest,wetest_only,NCO-AL00,华为 nova 10,HUAWEI,1,,,,
ne2210,wetest,wetest_only,NE2210,一加 10 Pro,OnePlus,1,,,,
nohan00,wetest,wetest_only,NOH-AN00,华为 Mate 40 Pro,HUAWEI,1,,,,
nohan01,wetest,wetest_only,NOH-AN01,华为 Mate 40 Pro,HUAWEI,1,,,,
note9,wetest,wetest_only,Note9,魅族 Note 9,MEIZU,1,,,,
nthan00,wetest,wetest_only,NTH-AN00,荣耀50,HONOR,1,,,,
ntnan20,wetest,wetest_only,NTN-AN20,荣耀 X20,HONOR,1,,,,
ocean10,wetest,wetest_only,OCE-AN10,华为 Mate 40,HUAWEI,1,,,,
ocean50,wetest,wetest_only,OCE-AN50,华为 Mate 40E,HUAWEI,1,,,,
oneplusa3010,wetest,wetest_only,ONEPLUS A3010,一加 3T,OnePlus,1,,,,
oppoa33,wetest,wetest_only,OPPO A33,OPPO A33,OPPO,1,,,,
oppoa33m,wetest,wetest_only,OPPO A33m,OPPO A33M,OPPO,1,,,,
oxfan10,wetest,wetest_only,OXF-AN10,荣耀 V30 Pro,HUAWEI,3,,,,
oxpan00,wetest,wetest_only,OXP-AN00,荣耀 Play4 Pro,HONOR,1,,,,
pafm00,wetest,wetest_only,PAFM00,OPPO Find X,OPPO,1,,,,
pbbm00,wetest,wetest_only,PBBM00,OPPO A7x,OPPO,1,,,,
pbbm30,wetest,wetest_only,PBBM30,OPPO A5,OPPO,1,,,,
pbbt00,wetest,wetest_only,PBBT00,OPPO A7x,OPPO,1,,,,
pbem00,wetest,wetest_only,PBEM00,OPPO R17,OPPO,1,,,,
pbet00,wetest,wetest_only,PBET00,OPPO R17,OPPO,1,,,,
pcam10,wetest,wetest_only,PCAM10,OPPO A9,OPPO,2,,,,
pcat10,wetest,wetest_only,PCAT10,OPPO A9 移动4G+,OPPO,1,,,,
pccm00,wetest,wetest_only,PCCM00,OPPO Reno 10倍变焦版,OPPO,1,,,,
pcem00,wetest,wetest_only,PCEM00,OPPO A9x,OPPO,1,,,,
pckm80,wetest,wetest_only,PCKM80,OPPO Reno2 Z,OPPO,1,,,,
pclm50,wetest,wetest_only,PCLM50,OPPO Reno3元气版,OPPO,1,,,,
pcpm00,wetest,wetest_only,PCPM00,OPPO A91,OPPO,2,,,,
pcrm00,wetest,wetest_only,PCRM00,OPPO Reno3 Pro,OPPO,1,,,,
pctal10,wetest,wetest_only,PCT-AL10,荣耀 View 20,HUAWEI,1,,,,
pdam10,wetest,wetest_only,PDAM10,OPPO A52,OPPO,1,,,,
pdbm00,wetest,wetest_only,PDBM00,OPPO A8,OPPO,1,,,,
pdcm00,wetest,wetest_only,PDCM00,OPPO Reno3,OPPO,1,,,,
pdkt00,wetest,wetest_only,PDKT00,OPPO A92s,OPPO,1,,,,
pdnm00,wetest,wetest_only,PDNM00,OPPO Reno4 Pro,OPPO,1,,,,
pdrm00,wetest,wetest_only,PDRM00,OPPO Reno 5 Pro+ 5G,OPPO,1,,,,
pdym20,wetest,wetest_only,PDYM20,oppo A72,OPPO,2,,,,
peam00,wetest,wetest_only,PEAM00,OPPO Reno4 SE,OPPO,1,,,,
pedm00,wetest,wetest_only,PEDM00,OPPO Find X3,OPPO,1,,,,
pegm00,wetest,wetest_only,PEGM00,OPPO Reno 5,OPPO,1,,,,
pegm10,wetest,wetest_only,PEGM10,OPPO Reno 5K,OPPO,1,,,,
pelm00,wetest,wetest_only,PELM00,OPPO A95 5G,OPPO,1,,,,
pemm00,wetest,wetest_only,PEMM00,OPPO A55,OPPO,1,,,,
penm00,wetest,wetest_only,PENM00,OPPO Reno 6 Pro+,OPPO,1,,,,
peqm00,wetest,wetest_only,PEQM00,OPPO Reno6 5G,OPPO,1,,,,
pfgm00,wetest,wetest_only,PFGM00,OPPO A93s,OPPO,1,,,,
pfvm10,wetest,wetest_only,PFVM10,OPPO A56 5G,OPPO,1,,,,
pgcm10,wetest,wetest_only,PGCM10,OPPO K9x,OPPO,1,,,,
pgem10,wetest,wetest_only,PGEM10,OPPO Find X6 Pro,OPPO,1,,,,
pggm10,wetest,wetest_only,PGGM10,OPPO K10x,OPPO,1,,,,
phk110,wetest,wetest_only,PHK110,一加 Ace 2,OnePlus,1,,,,
pixel10,sauce_labs,sauce_labs_only,,,,0,Pixel 10,Google Pixel 10,Google,16
pixel10pro,sauce_labs,sauce_labs_only,,,,0,Pixel 10 Pro,Google Pixel 10 Pro,Google,16
pixel10profold,sauce_labs,sauce_labs_only,,,,0,Pixel 10 Pro Fold,Google Pixel 10 Pro Fold,Google,16
pixel10proxl,sauce_labs,sauce_labs_only,,,,0,Pixel 10 Pro XL,Google Pixel 10 Pro XL,Google,16
pixel3,wetest,wetest_only,Pixel 3,Pixel 3,Google,1,,,,
pixel3a,sauce_labs,sauce_labs_only,,,,0,Pixel 3a,Google Pixel 3a,Google,11
pixel4,wetest;sauce_labs,exact_model_number,Pixel 4,Pixel 4,Google,1,Pixel 4,Google Pixel 4,Google,13
pixel4xl,sauce_labs,sauce_labs_only,,,,0,Pixel 4 XL,Google Pixel 4 XL,Google,10;11;13
pixel5,sauce_labs,sauce_labs_only,,,,0,Pixel 5,Google Pixel 5,Google,11;12;13;14
pixel6,wetest;sauce_labs,exact_model_number,Pixel 6,Pixel 6,Google,1,Pixel 6,Google Pixel 6,Google,12;13;15;16;17
pixel6a,sauce_labs,sauce_labs_only,,,,0,Pixel 6a,Google Pixel 6a,Google,12;13;15;16
pixel6pro,sauce_labs,sauce_labs_only,,,,0,Pixel 6 Pro,Google Pixel 6 Pro,Google,12;13;14;15
pixel7,sauce_labs,sauce_labs_only,,,,0,Pixel 7,Google Pixel 7,Google,13;14;15;16;17
pixel7a,sauce_labs,sauce_labs_only,,,,0,Pixel 7a,Google Pixel 7a,Google,15;16
pixel7pro,sauce_labs,sauce_labs_only,,,,0,Pixel 7 Pro,Google Pixel 7 Pro,Google,13;14;15;16;17
pixel8,sauce_labs,sauce_labs_only,,,,0,Pixel 8,Google Pixel 8,Google,14;15;16;17
pixel8a,sauce_labs,sauce_labs_only,,,,0,Pixel 8a,Google Pixel 8a,Google,15;16
pixel8pro,sauce_labs,sauce_labs_only,,,,0,Pixel 8 Pro,Google Pixel 8 Pro,Google,14;15;16;17
pixel9,wetest;sauce_labs,exact_model_number,Pixel 9,Google Pixel 9,google,1,Pixel 9,Google Pixel 9,Google,14;15;16;17
pixel9a,sauce_labs,sauce_labs_only,,,,0,Pixel 9a,Google Pixel 9a,Google,16
pixel9pro,wetest;sauce_labs,exact_model_number,Pixel 9 Pro,Pixel 9 Pro,GOOGLE,1,Pixel 9 Pro,Google Pixel 9 Pro,Google,14;15;16;17
pixel9profold,sauce_labs,sauce_labs_only,,,,0,Pixel 9 Pro Fold,Google Pixel 9 Pro Fold,Google,14;16
pixel9proxl,sauce_labs,sauce_labs_only,,,,0,Pixel 9 Pro XL,Google Pixel 9 Pro XL,Google,14;15;16
pixeltablet,sauce_labs,sauce_labs_only,,,,0,Pixel Tablet,Google Pixel Tablet,Google,14;15;16
pje110,wetest,wetest_only,PJE110,一加 Ace 3,OnePlus,1,,,,
pjj110,wetest,wetest_only,PJJ110,OPPO Reno11 Pro,OPPO,1,,,,
pkj110,wetest,wetest_only,PKJ110,OPPO Find X8 Ultra,,1,,,,
plw110,wetest,wetest_only,PLW110,,OPPO,1,,,,
ppgan00,wetest,wetest_only,PPG-AN00,荣耀 GT Pro,HONOR,1,,,,
ptpan00,wetest,wetest_only,PTP-AN00,荣耀 Magic7,HONOR,1,,,,
reaan00,wetest,wetest_only,REA-AN00,荣耀 90,HONOR,1,,,,
redmi5plus,wetest,wetest_only,Redmi 5 Plus,红米 5 Plus,Xiaomi,1,,,,
redmi6pro,wetest,wetest_only,Redmi 6 Pro,红米 6 PRO,Xiaomi,1,,,,
redmik20,wetest,wetest_only,Redmi K20,红米 K20,Xiaomi,1,,,,
redmik20pro,wetest,wetest_only,Redmi K20 Pro,红米 K20 Pro,Xiaomi,1,,,,
redmik30,wetest,wetest_only,Redmi K30,红米 K30,Xiaomi,1,,,,
redmik305g,wetest,wetest_only,Redmi K30 5G,红米 K30 5G,Xiaomi,3,,,,
redmik30i5g,wetest,wetest_only,Redmi K30i 5G,红米 K30i,Xiaomi,1,,,,
redminote7,wetest,wetest_only,Redmi Note 7,红米 Note 7,Xiaomi,1,,,,
redminote7pro,wetest,wetest_only,Redmi Note 7 Pro,红米 Note 7 Pro,Xiaomi,1,,,,
redminote8,wetest,wetest_only,Redmi Note 8,红米 note 8,Xiaomi,2,,,,
rkyan10,wetest,wetest_only,RKY-AN10,荣耀 Play7T,HONOR,1,,,,
rmx1931,wetest,wetest_only,RMX1931,真我 X2 Pro,realme,1,,,,
rmx2061,wetest,wetest_only,RMX2061,真我 6 Pro,realme,1,,,,
rmx2072,wetest,wetest_only,RMX2072,真我 X50 Pro Player,realme,1,,,,
rmx2121,wetest,wetest_only,RMX2121,真我 X7 Pro,realme,1,,,,
rmx2144,wetest,wetest_only,RMX2144,真我 X50 5G,realme,1,,,,
rmx2200,wetest,wetest_only,RMX2200,真我 V3 5G,realme,1,,,,
rmx3121,wetest,wetest_only,RMX3121,真我 V11,realme,1,,,,
rmx3142,wetest,wetest_only,RMX3142,真我 Q3 Pro Carnival,realme,1,,,,
rmx3372,wetest,wetest_only,RMX3372,真我 GT Neo 3T,realme,1,,,,
rmx3478,wetest,wetest_only,RMX3478,真我 Q5,realme,1,,,,
rmx5010,wetest,wetest_only,RMX5010,,,1,,,,
rmx5200,wetest,wetest_only,RMX5200,,realme,1,,,,
rmx6688,wetest,wetest_only,RMX6688,真我 GT 7,realme,1,,,,
rmx6699,wetest,wetest_only,RMX6699,真我 GT8,realme,1,,,,
rneal00,wetest,wetest_only,RNE-AL00,华为 Mate 10 Lite,HUAWEI,1,,,,
seaal00,wetest,wetest_only,SEA-AL00,华为 nova 5,HUAWEI,1,,,,
seaal10,wetest,wetest_only,SEA-AL10,华为 nova 5 Pro,HUAWEI,2,,,,
sharkklea0,wetest,wetest_only,SHARK KLE-A0,黑鲨 3,BlackShark,1,,,,
sharkprsa0,wetest,wetest_only,SHARK PRS-A0,黑鲨 4,BlackShark,2,,,,
skra0,wetest,wetest_only,SKR-A0,黑鲨,BlackShark,1,,,,
sma022m,sauce_labs,sauce_labs_only,,,,0,SM-A022M,Samsung Galaxy A02,Samsung,10
sma146u1,sauce_labs,sauce_labs_only,,,,0,SM-A146U1,Samsung Galaxy A14 5G,Samsung,13
sma236u1,sauce_labs,sauce_labs_only,,,,0,SM-A236U1,Samsung Galaxy A23 5G,Samsung,13
sma315g,sauce_labs,sauce_labs_only,,,,0,SM-A315G,Samsung Galaxy A31,Samsung,10
sma326u1,sauce_labs,sauce_labs_only,,,,0,SM-A326U1,Samsung Galaxy A32 5G,Samsung,13
sma346e,sauce_labs,sauce_labs_only,,,,0,SM-A346E,Samsung Galaxy A34,Samsung,15
sma505f,sauce_labs,sauce_labs_only,,,,0,SM-A505F,Samsung Galaxy A50,Samsung,11
sma515f,wetest,wetest_only,SM-A515F,Galaxy A51,SAMSUNG,1,,,,
sma515u,sauce_labs,sauce_labs_only,,,,0,SM-A515U,Samsung Galaxy A51,Samsung,11;13
sma546u1,sauce_labs,sauce_labs_only,,,,0,SM-A546U1,Samsung Galaxy A54,Samsung,14;15
sma716u1,sauce_labs,sauce_labs_only,,,,0,SM-A716U1,Samsung Galaxy A71 5G,Samsung,11
sma750gn,wetest,wetest_only,SM-A750GN,Galaxy A7,SAMSUNG,1,,,,
sma920f,sauce_labs,sauce_labs_only,,,,0,SM-A920F,Samsung Galaxy A9 2018,Samsung,10
sme5260,wetest,wetest_only,SM-E5260,三星 Galaxy F52 5G,SAMSUNG,1,,,,
smf700u1,sauce_labs,sauce_labs_only,,,,0,SM-F700U1,Samsung Galaxy Z Flip,Samsung,11
smf721u1,sauce_labs,sauce_labs_only,,,,0,SM-F721U1,Samsung Galaxy Z Flip4,Samsung,12;13
smf731u1,sauce_labs,sauce_labs_only,,,,0,SM-F731U1,Samsung Galaxy Z Flip5,Samsung,13
smf761u1,sauce_labs,sauce_labs_only,,,,0,SM-F761U1,Samsung Galaxy Z Flip7 FE,Samsung,16
smf766u1,sauce_labs,sauce_labs_only,,,,0,SM-F766U1,Samsung Galaxy Z Flip7,Samsung,16
smf907b,sauce_labs,sauce_labs_only,,,,0,SM-F907B,Samsung Galaxy Fold 5G,Samsung,11
smf916u1,sauce_labs,sauce_labs_only,,,,0,SM-F916U1,Samsung Galaxy Z Fold 2 5G,Samsung,11
smf936u1,sauce_labs,sauce_labs_only,,,,0,SM-F936U1,Samsung Galaxy Z Fold4,Samsung,12;14
smf9460,wetest,wetest_only,SM-F9460,Galaxy Z Fold5,SAMSUNG,1,,,,
smf946u1,sauce_labs,sauce_labs_only,,,,0,SM-F946U1,Samsung Galaxy Z Fold5,Samsung,13;14
smf966u1,sauce_labs,sauce_labs_only,,,,0,SM-F966U1,Samsung Galaxy Z Fold7,Samsung,16
smg736u1,sauce_labs,sauce_labs_only,,,,0,SM-G736U1,Samsung Galaxy Xcover6 Pro,Samsung,12;13
smg781u1,sauce_labs,sauce_labs_only,,,,0,SM-G781U1,Samsung Galaxy S20 FE 5G,Samsung,12
smg955f,wetest,wetest_only,SM-G955F,Galaxy S8+,SAMSUNG,1,,,,
smg970u,sauce_labs,sauce_labs_only,,,,0,SM-G970U,Samsung Galaxy S10e,Samsung,11
smg970u1,sauce_labs,sauce_labs_only,,,,0,SM-G970U1,Samsung Galaxy S10e,Samsung,11
smg973u1,sauce_labs,sauce_labs_only,,,,0,SM-G973U1,Samsung Galaxy S10,Samsung,11
smg975u1,sauce_labs,sauce_labs_only,,,,0,SM-G975U1,Samsung Galaxy S10 Plus,Samsung,11
smg9810,wetest,wetest_only,SM-G9810,Galaxy S20 5G,SAMSUNG,1,,,,
smg981u,sauce_labs,sauce_labs_only,,,,0,SM-G981U,Samsung Galaxy S20,Samsung,11
smg986u,sauce_labs,sauce_labs_only,,,,0,SM-G986U,Samsung Galaxy S20 Plus,Samsung,11;12
smg9880,wetest,wetest_only,SM-G9880,Galaxy S20 Ultra 5G,SAMSUNG,1,,,,
smg988u1,sauce_labs,sauce_labs_only,,,,0,SM-G988U1,Samsung Galaxy S20 Ultra,Samsung,11
smg990u1,sauce_labs,sauce_labs_only,,,,0,SM-G990U1,Samsung Galaxy S21 FE 5G,Samsung,14
smg991u1,sauce_labs,sauce_labs_only,,,,0,SM-G991U1,Samsung Galaxy S21 5G,Samsung,11;12;13;14
smg9960,wetest,wetest_only,SM-G9960,Galaxy S21+ 5G,SAMSUNG,1,,,,
smg996u1,sauce_labs,sauce_labs_only,,,,0,SM-G996U1,Samsung Galaxy S21 Plus 5G,Samsung,11;12;13;14;15
smg9980,wetest,wetest_only,SM-G9980,Galaxy S21 Ultra 5G,SAMSUNG,1,,,,
smg998b,wetest,wetest_only,SM-G998B,Galaxy S21 Ultra,SAMSUNG,1,,,,
smg998u1,sauce_labs,sauce_labs_only,,,,0,SM-G998U1,Samsung Galaxy S21 Ultra 5G,Samsung,11;12;13;14;15
smn960u1,sauce_labs,sauce_labs_only,,,,0,SM-N960U1,Samsung Galaxy Note 9,Samsung,10
smn970u1,sauce_labs,sauce_labs_only,,,,0,SM-N970U1,Samsung Galaxy Note 10,Samsung,11
smn971n,wetest,wetest_only,SM-N971N,Galaxy Note10 5G,SAMSUNG,1,,,,
smn975u1,sauce_labs,sauce_labs_only,,,,0,SM-N975U1,Samsung Galaxy Note 10 Plus,Samsung,11
smn9760,wetest,wetest_only,SM-N9760,Galaxy SM-N9760,SAMSUNG,1,,,,
smn981u1,sauce_labs,sauce_labs_only,,,,0,SM-N981U1,Samsung Galaxy Note20 5G,Samsung,12
smn9860,wetest,wetest_only,SM-N9860,Galaxy Note 20 Ultra 5G,SAMSUNG,1,,,,
smn986u1,sauce_labs,sauce_labs_only,,,,0,SM-N986U1,Samsung Galaxy Note 20 Ultra 5G,Samsung,11
smp610,sauce_labs,sauce_labs_only,,,,0,SM-P610,Samsung Galaxy Tab S6 Lite,Samsung,13
smp613,sauce_labs,sauce_labs_only,,,,0,SM-P613,Samsung Galaxy Tab S6 Lite,Samsung,14
sms711u,sauce_labs,sauce_labs_only,,,,0,SM-S711U,Samsung Galaxy S23 FE,Samsung,14;15
sms711u1,sauce_labs,sauce_labs_only,,,,0,SM-S711U1,Samsung Galaxy S23 FE,Samsung,16
sms721u1,sauce_labs,sauce_labs_only,,,,0,SM-S721U1,Samsung Galaxy S24 FE,Samsung,14;16
sms731u1,sauce_labs,sauce_labs_only,,,,0,SM-S731U1,Samsung Galaxy S25 FE,Samsung,16
sms9010,wetest,wetest_only,SM-S9010,Galaxy S22 5G,SAMSUNG,1,,,,
sms901u1,sauce_labs,sauce_labs_only,,,,0,SM-S901U1,Samsung Galaxy S22 5G,Samsung,12;13;14;15;16
sms906u1,sauce_labs,sauce_labs_only,,,,0,SM-S906U1,Samsung Galaxy S22 Plus 5G,Samsung,12;13;14;15;16
sms908u,sauce_labs,sauce_labs_only,,,,0,SM-S908U,Samsung Galaxy S22 Ultra 5G,Samsung,14
sms908u1,sauce_labs,sauce_labs_only,,,,0,SM-S908U1,Samsung Galaxy S22 Ultra,Samsung,12;13;15;16
sms911b,sauce_labs,sauce_labs_only,,,,0,SM-S911B,Samsung Galaxy S23,Samsung,14
sms911u1,sauce_labs,sauce_labs_only,,,,0,SM-S911U1,Samsung Galaxy S23,Samsung,13;14;15;16
sms916u1,sauce_labs,sauce_labs_only,,,,0,SM-S916U1,Samsung Galaxy S23 Plus,Samsung,13;14;15;16
sms918u1,sauce_labs,sauce_labs_only,,,,0,SM-S918U1,Samsung Galaxy S23 Ultra,Samsung,13;14;15;16
sms9210,wetest,wetest_only,SM-S9210,,samsung,1,,,,
sms921u1,sauce_labs,sauce_labs_only,,,,0,SM-S921U1,Samsung Galaxy S24,Samsung,14;15;16
sms926u1,sauce_labs,sauce_labs_only,,,,0,SM-S926U1,Samsung Galaxy S24 Plus,Samsung,14;16
sms928u1,sauce_labs,sauce_labs_only,,,,0,SM-S928U1,Samsung Galaxy S24 Ultra,Samsung,14;16
sms9310,wetest,wetest_only,SM-S9310,三星 Galaxy S25,SAMSUNG,1,,,,
sms931u1,sauce_labs,sauce_labs_only,,,,0,SM-S931U1,Samsung Galaxy S25,Samsung,15;16
sms936u1,sauce_labs,sauce_labs_only,,,,0,SM-S936U1,Samsung Galaxy S25 Plus,Samsung,15;16
sms937u1,sauce_labs,sauce_labs_only,,,,0,SM-S937U1,Samsung Galaxy S25 Edge,Samsung,15;16
sms938u1,sauce_labs,sauce_labs_only,,,,0,SM-S938U1,Samsung Galaxy S25 Ultra,Samsung,15;16
sms942u1,sauce_labs,sauce_labs_only,,,,0,SM-S942U1,Samsung Galaxy S26,Samsung,16
sms947u1,sauce_labs,sauce_labs_only,,,,0,SM-S947U1,Samsung Galaxy S26 Plus,Samsung,16
sms948u1,sauce_labs,sauce_labs_only,,,,0,SM-S948U1,Samsung Galaxy S26 Ultra,Samsung,16
smt225,sauce_labs,sauce_labs_only,,,,0,SM-T225,Samsung Galaxy Tab A7 Lite,Samsung,13
smt500,sauce_labs,sauce_labs_only,,,,0,SM-T500,Samsung Galaxy Tab A7,Samsung,10
smt577u,sauce_labs,sauce_labs_only,,,,0,SM-T577U,Samsung Galaxy Tab Active3,Samsung,12
smt830,sauce_labs,sauce_labs_only,,,,0,SM-T830,Samsung Galaxy Tab S4,Samsung,9;10
smt860,sauce_labs,sauce_labs_only,,,,0,SM-T860,Samsung Galaxy Tab S6,Samsung,11
smt870,sauce_labs,sauce_labs_only,,,,0,SM-T870,Samsung Galaxy Tab S7,Samsung,11
smt970,sauce_labs,sauce_labs_only,,,,0,SM-T970,Samsung Galaxy Tab S7 Plus,Samsung,11
smw9026,wetest,wetest_only,SM-W9026,,SAMSUNG,1,,,,
smx210,sauce_labs,sauce_labs_only,,,,0,SM-X210,Samsung Galaxy Tab A9 Plus,Samsung,14;15
smx700,sauce_labs,sauce_labs_only,,,,0,SM-X700,Samsung Galaxy Tab S8,Samsung,12;13
smx710,sauce_labs,sauce_labs_only,,,,0,SM-X710,Samsung Galaxy Tab S9,Samsung,13;14;16
smx730,sauce_labs,sauce_labs_only,,,,0,SM-X730,Samsung Galaxy Tab S11,Samsung,16
smx800,sauce_labs,sauce_labs_only,,,,0,SM-X800,Samsung Galaxy Tab S8 Plus,Samsung,12
smx810,sauce_labs,sauce_labs_only,,,,0,SM-X810,Samsung Galaxy Tab S9 Plus,Samsung,13;15;16
smx820,sauce_labs,sauce_labs_only,,,,0,SM-X820,Samsung Galaxy Tab S10 Plus,Samsung,14;16
smx900,sauce_labs,sauce_labs_only,,,,0,SM-X900,Samsung Galaxy Tab S8 Ultra,Samsung,12
smx910,sauce_labs,sauce_labs_only,,,,0,SM-X910,Samsung Galaxy Tab S9 Ultra,Samsung,13;15;16
smx920,sauce_labs,sauce_labs_only,,,,0,SM-X920,Samsung Galaxy Tab S10 Ultra,Samsung,14;16
smx930,sauce_labs,sauce_labs_only,,,,0,SM-X930,Samsung Galaxy Tab S11 Ultra,Samsung,16
spnal00,wetest,wetest_only,SPN-AL00,华为 nova 5i Pro,HUAWEI,1,,,,
stkal00,wetest,wetest_only,STK-AL00,华为畅享10 Plus,HUAWEI,1,,,,
tasal00,wetest,wetest_only,TAS-AL00,华为 Mate 30,HUAWEI,5,,,,
tasan00,wetest,wetest_only,TAS-AN00,华为 Mate 30 5G,HUAWEI,4,,,,
telan00a,wetest,wetest_only,TEL-AN00a,荣耀 X10 5G,HUAWEI,2,,,,
telan10,wetest,wetest_only,TEL-AN10,荣耀 X10 5G,HUAWEI,1,,,,
tnyal00,wetest,wetest_only,TNY-AL00,荣耀 Magic 2,HONOR,1,,,,
v1809a,wetest,wetest_only,V1809A,vivo X23,vivo,1,,,,
v1809t,wetest,wetest_only,V1809T,vivo X23,vivo,1,,,,
v1816a,wetest,wetest_only,V1816A,vivo X23 炫彩版,vivo,1,,,,
v1816t,wetest,wetest_only,V1816T,vivo X23 移动全网通,vivo,1,,,,
v1818a,wetest,wetest_only,V1818A,vivo Y93,vivo,1,,,,
v1818ct,wetest,wetest_only,V1818CT,vivo Y93s,vivo,1,,,,
v1821a,wetest,wetest_only,V1821A,vivo NEX 双屏版,vivo,1,,,,
v1824a,wetest,wetest_only,V1824A,iQOO,vivo,2,,,,
v1829a,wetest,wetest_only,V1829A,vivo X27,vivo,1,,,,
v1831a,wetest,wetest_only,V1831A,vivo S1,vivo,1,,,,
v1838a,wetest,wetest_only,V1838A,vivo X27,vivo,1,,,,
v1901a,wetest,wetest_only,V1901A,vivo Y3,vivo,1,,,,
v1911a,wetest,wetest_only,V1911A,vivo Z5x,vivo,1,,,,
v1913a,wetest,wetest_only,V1913A,vivo Y7s,vivo,1,,,,
v1914a,wetest,wetest_only,V1914A,iQOO Neo,vivo,1,,,,
v1916a,wetest,wetest_only,V1916A,iQOO Pro 5G,vivo,1,,,,
v1921a,wetest,wetest_only,V1921A,vivo Z5,vivo,1,,,,
v1923a,wetest,wetest_only,V1923A,vivo NEX 3,vivo,1,,,,
v1930a,wetest,wetest_only,V1930A,vivo Y3,vivo,1,,,,
v1932a,wetest,wetest_only,V1932A,vivo S5,vivo,1,,,,
v1934a,wetest,wetest_only,V1934A,vivo Y5s,vivo,1,,,,
v1936a,wetest,wetest_only,V1936A,iQOO Neo 855,vivo,1,,,,
v1936al,wetest,wetest_only,V1936AL,iQOO Neo 855 Racing,vivo,1,,,,
v1938ct,wetest,wetest_only,V1938CT,vivo X30,vivo,1,,,,
v1938t,wetest,wetest_only,V1938T,vivo X30 Pro,vivo,1,,,,
v1941a,wetest,wetest_only,V1941A,vivo U3,vivo,1,,,,
v1945a,wetest,wetest_only,V1945A,vivo Y9s,vivo,1,,,,
v1950a,wetest,wetest_only,V1950A,vivo NEX 3S,vivo,1,,,,
v1955a,wetest,wetest_only,V1955A,iQOO 3,vivo,1,,,,
v1962a,wetest,wetest_only,V1962A,vivo S6,vivo,1,,,,
v1963a,wetest,wetest_only,V1963A,vivo Z6,vivo,1,,,,
v1981a,wetest,wetest_only,V1981A,iQOO Neo3 5G,vivo,1,,,,
v1986a,wetest,wetest_only,V1986A,iQOO Z1,vivo,1,,,,
v2001a,wetest,wetest_only,V2001A,vivo X50,vivo,1,,,,
v2023a,wetest,wetest_only,V2023A,iQOO U1,vivo,1,,,,
v2031a,wetest,wetest_only,V2031A,vivo Y73s,vivo,1,,,,
v2048a,wetest,wetest_only,V2048A,vivo S9e,vivo,1,,,,
v2054a,wetest,wetest_only,V2054A,vivo Y31s,vivo,1,,,,
v2055a,wetest,wetest_only,V2055A,iQOO Neo5,vivo,1,,,,
v2056a,wetest,wetest_only,V2056A,vivo X60 Pro+,vivo,1,,,,
v2059a,wetest,wetest_only,V2059A,vivo x60,vivo,1,,,,
v2073a,wetest,wetest_only,V2073A,iQOO Z3,vivo,1,,,,
v2106a,wetest,wetest_only,V2106A,iQOO U3x,vivo,1,,,,
v2111a,wetest,wetest_only,V2111A,Vivo Y53s,vivo,1,,,,
v2130a,wetest,wetest_only,V2130A,vivo S10e,vivo,1,,,,
v2131a,wetest,wetest_only,V2131A,iQOO Z5x,vivo,1,,,,
v2134a,wetest,wetest_only,V2134A,Vivo X70 Pro,vivo,1,,,,
v2136a,wetest,wetest_only,V2136A,Vivo iQOO 8,vivo,1,,,,
v2148a,wetest,wetest_only,V2148A,iQOO Z5,vivo,1,,,,
v2156a,wetest,wetest_only,V2156A,vivo Y76s,vivo,1,,,,
v2157a,wetest,wetest_only,V2157A,iQOO Neo5 SE,vivo,1,,,,
v2164a,wetest,wetest_only,V2164A,vivo Y55s (2021),vivo,1,,,,
v2164ka,wetest,wetest_only,V2164KA,iQOO Z6x,vivo,1,,,,
v2165a,wetest,wetest_only,V2165A,iQOO U5,vivo,1,,,,
v2166a,wetest,wetest_only,V2166A,vivo Y33s,vivo,1,,,,
v2168a,wetest,wetest_only,V2168A,vivo Y10 t1,vivo,1,,,,
v2172a,wetest,wetest_only,V2172A,iQOO 9 Pro,vivo,1,,,,
v2183a,wetest,wetest_only,V2183A,vivo X80,vivo,1,,,,
v2185a,wetest,wetest_only,V2185A,vivo X80 Pro,vivo,1,,,,
v2190a,wetest,wetest_only,V2190A,vivo S15e,vivo,1,,,,
v2196a,wetest,wetest_only,V2196A,iQOO Neo6,vivo,2,,,,
v2203a,wetest,wetest_only,V2203A,vivo S15,vivo,1,,,,
v2218a,wetest,wetest_only,V2218A,iQOO 10 Pro,vivo,1,,,,
v2238a,wetest,wetest_only,V2238A,iQOO Neo7 SE,vivo,1,,,,
v2241a,wetest,wetest_only,V2241A,vivo X90,vivo,1,,,,
v2254a,wetest,wetest_only,V2254A,iQOO 11 Pro,vivo,1,,,,
v2270a,wetest,wetest_only,V2270A,iQOO Z7 (China),vivo,1,,,,
v2283a,wetest,wetest_only,V2283A,vivo S17,vivo,1,,,,
v2301a,wetest,wetest_only,V2301A,iQOO Neo8,vivo,1,,,,
v2304a,wetest,wetest_only,V2304A,iQOO 11S,vivo,1,,,,
v2309a,wetest,wetest_only,V2309A,vivo X100,VIVO,1,,,,
v2324a,wetest,wetest_only,V2324A,vivo X100 Pro,vivo,1,,,,
v2338a,wetest,wetest_only,V2338A,iQOO Neo9,vivo,1,,,,
v2339a,wetest,wetest_only,V2339A,iQOO Neo9 Pro,vivo,1,,,,
v2361a,wetest,wetest_only,V2361A,iQOO Z9,vivo,1,,,,
v2405a,wetest,wetest_only,V2405A,vivo X200,vivo,1,,,,
v2425a,wetest,wetest_only,V2425A,,VIVO,1,,,,
v2430a,wetest,wetest_only,V2430A,vivo S20 Pro,VIVO,1,,,,
v2436a,wetest,wetest_only,V2436A,,vivo,1,,,,
v2454a,wetest,wetest_only,V2454A,vivo X200 Ultra,VIVO,1,,,,
v2502a,wetest,wetest_only,V2502A,vivo X300 Pro,,1,,,,
v2505a,wetest,wetest_only,V2505A,,vivo,1,,,,
vivo1907,wetest,wetest_only,vivo 1907,vivo S1,vivo,1,,,,
vivox21a,wetest,wetest_only,vivo X21A,vivo X21A,vivo,1,,,,
vivox21uda,wetest,wetest_only,vivo X21UD A,vivo X21 屏幕指纹版,vivo,1,,,,
vivoz1,wetest,wetest_only,vivo Z1,vivo Z1,vivo,1,,,,
vivoz1i,wetest,wetest_only,vivo Z1i,vivo Z1i,vivo,1,,,,
vnean00,wetest,wetest_only,VNE-AN00,荣耀 Play 30,HONOR,1,,,,
vnean40,wetest,wetest_only,VNE-AN40,荣耀 Play6C,HONOR,1,,,,
vogal00,wetest,wetest_only,VOG-AL00,华为 P30 Pro,HUAWEI,3,,,,
vogal10,wetest,wetest_only,VOG-AL10,华为 P30 Pro 尊享版,HUAWEI,2,,,,
wastl10,wetest,wetest_only,WAS-TL10,华为 P10 Lite,HUAWEI,1,,,,
wlzal10,wetest,wetest_only,WLZ-AL10,华为 nova 6,HUAWEI,1,,,,
wlzan00,wetest,wetest_only,WLZ-AN00,华为 nova 6 5G,HUAWEI,1,,,,
yalal00,wetest,wetest_only,YAL-AL00,荣耀 20,HONOR,2,,,,
yalal10,wetest,wetest_only,YAL-AL10,荣耀 20 Pro,HUAWEI,2,,,,
yalal50,wetest,wetest_only,YAL-AL50,荣耀 20S,HUAWEI,2,,,,
ztea2022,wetest,wetest_only,ZTE A2022,ZTE Axon 30 Ultra 5G,ZTE,1,,,,
ztea2022p,wetest,wetest_only,ZTE A2022P,ZTE Axon 30 Ultra,ZTE,1,,,,
ztea2122h,wetest,wetest_only,ZTE A2122H,ZTE S30 Pro,ZTE,1,,,,
