source_type,group_id,rows,fold,risk_score_mean,sample_model,sample_installer,sample_ua
cloud_device,cloud_device::e3b9d317ff,91,1,43.73626373626374,moto g71 5G,manual,"Mozilla/5.0 (Linux; Android 11; moto g71 5G Build/RRUB31.Q3-71-102-2; wv) AppleWebKit/537.36 (KHTML, like Gecko) Version/4.0 Chrome/142.0.7444.171 Mobile Safari/537.36"
cloud_device,cloud_device::ac13217555,65,2,42.44615384615385,CPH2487,manual,"Mozilla/5.0 (Linux; Android 13; CPH2487 Build/SKQ1.221012.001; wv) AppleWebKit/537.36 (KHTML, like Gecko) Version/4.0 Chrome/142.0.7444.171 Mobile Safari/537.36"
cloud_device,cloud_device::50e747ec5e,52,3,43.03846153846154,2201117TI,manual,"Mozilla/5.0 (Linux; Android 11; 2201117TI Build/RKQ1.211001.001; wv) AppleWebKit/537.36 (KHTML, like Gecko) Version/4.0 Chrome/142.0.7444.171 Mobile Safari/537.36"
cloud_device,cloud_device::626208c4e8,52,2,42.92307692307692,2201117TI,manual,"Mozilla/5.0 (Linux; Android 11; 2201117TI Build/RKQ1.211001.001; wv) AppleWebKit/537.36 (KHTML, like Gecko) Version/4.0 Chrome/142.0.7444.171 Mobile Safari/537.36"
cloud_device,cloud_device::8ed5b096a8,38,3,43.26315789473684,CPH2251,manual,"Mozilla/5.0 (Linux; Android 11; CPH2251 Build/RP1A.200720.011; wv) AppleWebKit/537.36 (KHTML, like Gecko) Version/4.0 Chrome/142.0.7444.171 Mobile Safari/537.36"
cloud_device,cloud_device::0d99f8f499,31,1,42.87096774193548,V2111,manual,"Mozilla/5.0 (Linux; Android 11; V2111 Build/RP1A.200720.012; wv) AppleWebKit/537.36 (KHTML, like Gecko) Version/4.0 Chrome/142.0.7444.171 Mobile Safari/537.36"
cloud_device,cloud_device::739ab95952,25,1,44.04,Pixel 8,manual,"Mozilla/5.0 (Linux; Android 14; Pixel 8 Build/UD1A.230803.041; wv) AppleWebKit/537.36 (KHTML, like Gecko) Version/4.0 Chrome/142.0.7444.171 Mobile Safari/537.36"
cloud_device,cloud_device::b796edf63e,25,3,42.72,CPH2251,manual,"Mozilla/5.0 (Linux; Android 11; CPH2251 Build/RP1A.200720.011; wv) AppleWebKit/537.36 (KHTML, like Gecko) Version/4.0 Chrome/142.0.7444.171 Mobile Safari/537.36"
cloud_device,cloud_device::d681a88e51,25,1,43.48,Pixel 7,manual,"Mozilla/5.0 (Linux; Android 13; Pixel 7 Build/TD1A.220804.009.A2; wv) AppleWebKit/537.36 (KHTML, like Gecko) Version/4.0 Chrome/142.0.7444.171 Mobile Safari/537.36"
cloud_device,cloud_device::86490eeb54,20,1,41.35,SM-S901B,manual,"Mozilla/5.0 (Linux; Android 12; SM-S901B Build/SP1A.210812.016; wv) AppleWebKit/537.36 (KHTML, like Gecko) Version/4.0 Chrome/142.0.7444.171 Mobile Safari/537.36"
cloud_device,cloud_device::345b12d3f8,14,1,42.42857142857143,Pixel 8 Pro,manual,"Mozilla/5.0 (Linux; Android 14; Pixel 8 Pro Build/UD1A.230803.041; wv) AppleWebKit/537.36 (KHTML, like Gecko) Version/4.0 Chrome/142.0.7444.171 Mobile Safari/537.36"
cloud_device,cloud_device::d47d93c476,14,2,43.214285714285715,V2050,manual,"Mozilla/5.0 (Linux; Android 11; V2050 Build/RP1A.200720.012; wv) AppleWebKit/537.36 (KHTML, like Gecko) Version/4.0 Chrome/142.0.7444.171 Mobile Safari/537.36"
cloud_device,cloud_device::9e797f5638,13,2,43.61538461538461,V2050,manual,"Mozilla/5.0 (Linux; Android 11; V2050 Build/RP1A.200720.012; wv) AppleWebKit/537.36 (KHTML, like Gecko) Version/4.0 Chrome/142.0.7444.171 Mobile Safari/537.36"
cloud_device,cloud_device::db0546c4a5,12,3,43.25,CPH2251,manual,"Mozilla/5.0 (Linux; Android 11; CPH2251 Build/RP1A.200720.011; wv) AppleWebKit/537.36 (KHTML, like Gecko) Version/4.0 Chrome/142.0.7444.171 Mobile Safari/537.36"
cloud_device,cloud_device::234218b76b,11,1,38.54545454545455,SM-S908B,manual,"Mozilla/5.0 (Linux; Android 12; SM-S908B Build/SP1A.210812.016; wv) AppleWebKit/537.36 (KHTML, like Gecko) Version/4.0 Chrome/114.0.5735.130 Mobile Safari/537.36"
cloud_device,cloud_device::b3c1945c9a,11,1,37.27272727272727,SM-S906B,manual,"Mozilla/5.0 (Linux; Android 12; SM-S906B Build/SP1A.210812.016; wv) AppleWebKit/537.36 (KHTML, like Gecko) Version/4.0 Chrome/142.0.7444.171 Mobile Safari/537.36"
cloud_device,cloud_device::8837b4e750,10,1,42.6,2201117TI,manual,"Mozilla/5.0 (Linux; Android 11; 2201117TI Build/RKQ1.211001.001; wv) AppleWebKit/537.36 (KHTML, like Gecko) Version/4.0 Chrome/142.0.7444.171 Mobile Safari/537.36"
cloud_device,cloud_device::c975e0be4c,9,3,43.44444444444444,V2111,manual,"Mozilla/5.0 (Linux; Android 11; V2111 Build/RP1A.200720.012; wv) AppleWebKit/537.36 (KHTML, like Gecko) Version/4.0 Chrome/142.0.7444.171 Mobile Safari/537.36"
cloud_device,cloud_device::0b37752698,8,2,43.875,Pixel 7 Pro,manual,"Mozilla/5.0 (Linux; Android 13; Pixel 7 Pro Build/TD1A.220804.009.A2; wv) AppleWebKit/537.36 (KHTML, like Gecko) Version/4.0 Chrome/142.0.7444.171 Mobile Safari/537.36"
cloud_device,cloud_device::4d7dee1396,8,1,40.0,PDHM00,com.android.packageinstaller,"Mozilla/5.0 (Linux; Android 11; PDHM00 Build/RKQ1.200710.002; wv) AppleWebKit/537.36 (KHTML, like Gecko) Version/4.0 Chrome/83.0.4103.106 Mobile Safari/537.36"
cloud_device,cloud_device::b4dad83687,8,2,41.5,SM-S908B,manual,"Mozilla/5.0 (Linux; Android 12; SM-S908B Build/SP1A.210812.016; wv) AppleWebKit/537.36 (KHTML, like Gecko) Version/4.0 Chrome/114.0.5735.130 Mobile Safari/537.36"
cloud_device,cloud_device::1388c86e16,7,2,43.42857142857143,V2050,manual,"Mozilla/5.0 (Linux; Android 11; V2050 Build/RP1A.200720.012; wv) AppleWebKit/537.36 (KHTML, like Gecko) Version/4.0 Chrome/142.0.7444.171 Mobile Safari/537.36"
cloud_device,cloud_device::14cdd9a24a,6,2,41.333333333333336,ELZ-AN00,manual,"Mozilla/5.0 (Linux; Android 12; ELZ-AN00 Build/HONORELZ-AN00; wv) AppleWebKit/537.36 (KHTML, like Gecko) Version/4.0 Chrome/92.0.4515.105 Mobile Safari/537.36"
cloud_device,cloud_device::3af8333bd6,6,2,40.0,RMX3121,com.android.packageinstaller,"Mozilla/5.0 (Linux; Android 11; RMX3121 Build/RP1A.200720.011; wv) AppleWebKit/537.36 (KHTML, like Gecko) Version/4.0 Chrome/97.0.4692.98 Mobile Safari/537.36"
cloud_device,cloud_device::463352d377,6,3,38.833333333333336,SM-S911B,manual,"Mozilla/5.0 (Linux; Android 13; SM-S911B Build/TP1A.220624.014; wv) AppleWebKit/537.36 (KHTML, like Gecko) Version/4.0 Chrome/142.0.7444.171 Mobile Safari/537.36"
cloud_device,cloud_device::48d575767d,6,3,37.666666666666664,SM-S906B,manual,"Mozilla/5.0 (Linux; Android 12; SM-S906B Build/SP1A.210812.016; wv) AppleWebKit/537.36 (KHTML, like Gecko) Version/4.0 Chrome/142.0.7444.171 Mobile Safari/537.36"
cloud_device,cloud_device::9b3db95234,6,2,44.0,Pixel 7,manual,"Mozilla/5.0 (Linux; Android 13; Pixel 7 Build/TD1A.220804.031; wv) AppleWebKit/537.36 (KHTML, like Gecko) Version/4.0 Chrome/142.0.7444.171 Mobile Safari/537.36"
cloud_device,cloud_device::a6868d2671,6,1,15.0,PEQM00,com.coloros.filemanager,"Mozilla/5.0 (Linux; Android 12; PEQM00 Build/SP1A.210812.003; wv) AppleWebKit/537.36 (KHTML, like Gecko) Version/4.0 Chrome/97.0.4692.98 Mobile Safari/537.36"
cloud_device,cloud_device::d1ab9cef50,6,1,40.0,PHJ110,com.android.packageinstaller,"Mozilla/5.0 (Linux; Android 12; PHJ110 Build/SP1A.210812.016; wv) AppleWebKit/537.36 (KHTML, like Gecko) Version/4.0 Chrome/97.0.4692.98 Mobile Safari/537.36"
cloud_device,cloud_device::d523f87507,6,2,44.0,2201117TI,manual,"Mozilla/5.0 (Linux; Android 11; 2201117TI Build/RKQ1.211001.001; wv) AppleWebKit/537.36 (KHTML, like Gecko) Version/4.0 Chrome/142.0.7444.171 Mobile Safari/537.36"
cloud_device,cloud_device::dcf5b6a088,6,3,39.166666666666664,SM-S918B,manual,"Mozilla/5.0 (Linux; Android 13; SM-S918B Build/TP1A.220624.014; wv) AppleWebKit/537.36 (KHTML, like Gecko) Version/4.0 Chrome/142.0.7444.171 Mobile Safari/537.36"
cloud_device,cloud_device::ea613a1448,6,2,40.0,23049RAD8C,manual,"Mozilla/5.0 (Linux; Android 15; 23049RAD8C Build/AQ3A.250226.002; wv) AppleWebKit/537.36 (KHTML, like Gecko) Version/4.0 Chrome/131.0.6778.260 Mobile Safari/537.36"
cloud_device,cloud_device::17fd0c5afc,5,2,41.6,WDY-AN00,manual,"Mozilla/5.0 (Linux; Android 13; WDY-AN00 Build/HONORWDY-AN00; wv) AppleWebKit/537.36 (KHTML, like Gecko) Version/4.0 Chrome/99.0.4844.88 Mobile Safari/537.36"
cloud_device,cloud_device::21319647fd,5,1,41.2,PGX110,com.android.packageinstaller,"Mozilla/5.0 (Linux; Android 13; PGX110 Build/SP1A.210812.016; wv) AppleWebKit/537.36 (KHTML, like Gecko) Version/4.0 Chrome/103.0.5060.129 Mobile Safari/537.36"
cloud_device,cloud_device::25174b1d63,5,3,40.4,22122RK93C,manual,"Mozilla/5.0 (Linux; Android 13; 22122RK93C Build/TP1A.220624.014; wv) AppleWebKit/537.36 (KHTML, like Gecko) Version/4.0 Chrome/108.0.5359.128 Mobile Safari/537.36"
cloud_device,cloud_device::3462d62915,5,1,39.8,SM-G991B,manual,"Mozilla/5.0 (Linux; Android 12; SM-G991B Build/SP1A.210812.016; wv) AppleWebKit/537.36 (KHTML, like Gecko) Version/4.0 Chrome/114.0.5735.130 Mobile Safari/537.36"
cloud_device,cloud_device::3fb472b662,5,1,39.6,JLH-AN00,manual,"Mozilla/5.0 (Linux; Android 12; JLH-AN00 Build/HONORJLH-AN00; wv) AppleWebKit/537.36 (KHTML, like Gecko) Version/4.0 Chrome/92.0.4515.105 Mobile Safari/537.36"
cloud_device,cloud_device::60ac2aadea,5,1,43.2,V2111,manual,"Mozilla/5.0 (Linux; Android 11; V2111 Build/RP1A.200720.012; wv) AppleWebKit/537.36 (KHTML, like Gecko) Version/4.0 Chrome/142.0.7444.171 Mobile Safari/537.36"
cloud_device,cloud_device::a5f7a44970,5,3,41.6,VNE-AN40,manual,"Mozilla/5.0 (Linux; Android 12; VNE-AN40 Build/HONORVNE-AN40; wv) AppleWebKit/537.36 (KHTML, like Gecko) Version/4.0 Chrome/92.0.4515.105 Mobile Safari/537.36"
cloud_device,cloud_device::adf1e8107c,5,2,45.0,Pixel 8,manual,"Mozilla/5.0 (Linux; Android 14; Pixel 8 Build/UD1A.230803.022.A5; wv) AppleWebKit/537.36 (KHTML, like Gecko) Version/4.0 Chrome/142.0.7444.171 Mobile Safari/537.36"
cloud_device,cloud_device::cd3c015ee7,5,2,39.6,PEMM00,com.android.packageinstaller,"Mozilla/5.0 (Linux; Android 13; PEMM00 Build/TP1A.220905.001; wv) AppleWebKit/537.36 (KHTML, like Gecko) Version/4.0 Chrome/103.0.5060.129 Mobile Safari/537.36"
cloud_device,cloud_device::dbe8404562,5,2,42.0,NTH-AN00,manual,"Mozilla/5.0 (Linux; Android 14; NTH-AN00 Build/HONORNTH-AN00; wv) AppleWebKit/537.36 (KHTML, like Gecko) Version/4.0 Chrome/99.0.4844.88 Mobile Safari/537.36"
cloud_device,cloud_device::e3dd9129b0,5,3,42.6,CPH2487,manual,"Mozilla/5.0 (Linux; Android 13; CPH2487 Build/SKQ1.221012.001; wv) AppleWebKit/537.36 (KHTML, like Gecko) Version/4.0 Chrome/142.0.7444.171 Mobile Safari/537.36"
cloud_device,cloud_device::ebb262de66,5,3,42.8,V2050,manual,"Mozilla/5.0 (Linux; Android 11; V2050 Build/RP1A.200720.012; wv) AppleWebKit/537.36 (KHTML, like Gecko) Version/4.0 Chrome/142.0.7444.171 Mobile Safari/537.36"
cloud_device,cloud_device::ed449d36f2,5,3,40.4,LE2120,com.android.packageinstaller,"Mozilla/5.0 (Linux; Android 13; LE2120 Build/TP1A.220905.001; wv) AppleWebKit/537.36 (KHTML, like Gecko) Version/4.0 Chrome/103.0.5060.129 Mobile Safari/537.36"
cloud_device,cloud_device::077a2a81dd,4,3,44.25,V2111,manual,"Mozilla/5.0 (Linux; Android 11; V2111 Build/RP1A.200720.012; wv) AppleWebKit/537.36 (KHTML, like Gecko) Version/4.0 Chrome/142.0.7444.171 Mobile Safari/537.36"
cloud_device,cloud_device::110025cf11,4,3,38.0,SM-S906B,manual,"Mozilla/5.0 (Linux; Android 12; SM-S906B Build/SP1A.210812.016; wv) AppleWebKit/537.36 (KHTML, like Gecko) Version/4.0 Chrome/142.0.7444.171 Mobile Safari/537.36"
cloud_device,cloud_device::f6bb2a9498,4,3,45.0,Pixel 8,manual,"Mozilla/5.0 (Linux; Android 14; Pixel 8 Build/AP1A.240305.019.A1; wv) AppleWebKit/537.36 (KHTML, like Gecko) Version/4.0 Chrome/142.0.7444.171 Mobile Safari/537.36"
cloud_device,cloud_device::17dfca5bb1,3,3,44.0,2201117TI,manual,"Mozilla/5.0 (Linux; Android 11; 2201117TI Build/RKQ1.211001.001; wv) AppleWebKit/537.36 (KHTML, like Gecko) Version/4.0 Chrome/142.0.7444.171 Mobile Safari/537.36"
cloud_device,cloud_device::397e42fe24,3,2,41.666666666666664,SM-S908B,manual,"Mozilla/5.0 (Linux; Android 12; SM-S908B Build/SP1A.210812.016; wv) AppleWebKit/537.36 (KHTML, like Gecko) Version/4.0 Chrome/114.0.5735.130 Mobile Safari/537.36"
cloud_device,cloud_device::4cd9ab4307,3,2,15.0,PEEM00,com.cjtec.uncompress,"Mozilla/5.0 (Linux; Android 13; PEEM00 Build/TP1A.220905.001; wv) AppleWebKit/537.36 (KHTML, like Gecko) Version/4.0 Chrome/111.0.5563.116 Mobile Safari/537.36"
cloud_device,cloud_device::4f0ebbb41b,3,3,25.666666666666668,2211133C,com.miui.packageinstaller,"Mozilla/5.0 (Linux; Android 16; 2211133C Build/BP2A.250605.031.A3; wv) AppleWebKit/537.36 (KHTML, like Gecko) Version/4.0 Chrome/145.0.7632.159 Mobile Safari/537.36"
cloud_device,cloud_device::bf22e378d0,3,2,39.333333333333336,SM-S901B,manual,"Mozilla/5.0 (Linux; Android 12; SM-S901B Build/SP1A.210812.016; wv) AppleWebKit/537.36 (KHTML, like Gecko) Version/4.0 Chrome/142.0.7444.171 Mobile Safari/537.36"
cloud_device,cloud_device::efde9a073d,3,3,42.0,CPH2251,manual,"Mozilla/5.0 (Linux; Android 11; CPH2251 Build/RP1A.200720.011; wv) AppleWebKit/537.36 (KHTML, like Gecko) Version/4.0 Chrome/142.0.7444.171 Mobile Safari/537.36"
cloud_device,cloud_device::fa6bbf1b46,3,1,45.0,V2050,manual,"Mozilla/5.0 (Linux; Android 11; V2050 Build/RP1A.200720.012; wv) AppleWebKit/537.36 (KHTML, like Gecko) Version/4.0 Chrome/142.0.7444.171 Mobile Safari/537.36"
cloud_device,cloud_device::25a1f94467,2,3,42.0,2201117TI,manual,"Mozilla/5.0 (Linux; Android 11; 2201117TI Build/RKQ1.211001.001; wv) AppleWebKit/537.36 (KHTML, like Gecko) Version/4.0 Chrome/142.0.7444.171 Mobile Safari/537.36"
cloud_device,cloud_device::324828a641,2,1,27.5,PCAM00,com.heytap.browser,"Mozilla/5.0 (Linux; Android 11; PCAM00 Build/RKQ1.201217.002; wv) AppleWebKit/537.36 (KHTML, like Gecko) Version/4.0 Chrome/97.0.4692.98 Mobile Safari/537.36"
cloud_device,cloud_device::772ce9ae09,2,3,42.0,moto g71 5G,manual,"Mozilla/5.0 (Linux; Android 11; moto g71 5G Build/RRUB31.Q3-71-102-2; wv) AppleWebKit/537.36 (KHTML, like Gecko) Version/4.0 Chrome/142.0.7444.171 Mobile Safari/537.36"
cloud_device,cloud_device::a558d19a56,2,2,38.0,Pixel 5,manual,"Mozilla/5.0 (Linux; Android 11; Pixel 5 Build/RQ3A.211001.001; wv) AppleWebKit/537.36 (KHTML, like Gecko) Version/4.0 Chrome/83.0.4103.106 Mobile Safari/537.36"
cloud_device,cloud_device::a5914a4bb8,2,1,45.0,SM-S911B,manual,"Mozilla/5.0 (Linux; Android 13; SM-S911B Build/TP1A.220624.014; wv) AppleWebKit/537.36 (KHTML, like Gecko) Version/4.0 Chrome/142.0.7444.171 Mobile Safari/537.36"
cloud_device,cloud_device::ab27d7b486,2,3,43.5,SM-S918B,manual,"Mozilla/5.0 (Linux; Android 13; SM-S918B Build/TP1A.220624.014; wv) AppleWebKit/537.36 (KHTML, like Gecko) Version/4.0 Chrome/142.0.7444.171 Mobile Safari/537.36"
cloud_device,cloud_device::cea42b91e1,2,3,41.5,SM-S911B,manual,"Mozilla/5.0 (Linux; Android 13; SM-S911B Build/TP1A.220624.014; wv) AppleWebKit/537.36 (KHTML, like Gecko) Version/4.0 Chrome/142.0.7444.171 Mobile Safari/537.36"
cloud_device,cloud_device::f4180f97fb,2,1,45.0,Pixel 8 Pro,manual,"Mozilla/5.0 (Linux; Android 14; Pixel 8 Pro Build/UD1A.230803.022; wv) AppleWebKit/537.36 (KHTML, like Gecko) Version/4.0 Chrome/142.0.7444.171 Mobile Safari/537.36"
cloud_device,cloud_device::04681e1ef6,1,2,45.0,Pixel 7 Pro,manual,"Mozilla/5.0 (Linux; Android 13; Pixel 7 Pro Build/TD1A.220804.031; wv) AppleWebKit/537.36 (KHTML, like Gecko) Version/4.0 Chrome/142.0.7444.171 Mobile Safari/537.36"
cloud_device,cloud_device::056f84aee0,1,3,42.0,CPH2251,manual,"Mozilla/5.0 (Linux; Android 11; CPH2251 Build/RP1A.200720.011; wv) AppleWebKit/537.36 (KHTML, like Gecko) Version/4.0 Chrome/142.0.7444.171 Mobile Safari/537.36"
cloud_device,cloud_device::173c3e9d17,1,2,42.0,SM-S908U,manual,"Mozilla/5.0 (Linux; Android 16; SM-S908U Build/BP2A.250605.031.A3; wv) AppleWebKit/537.36 (KHTML, like Gecko) Version/4.0 Chrome/134.0.6998.135 Mobile Safari/537.36"
cloud_device,cloud_device::2d08822f67,1,2,42.0,CPH2487,manual,"Mozilla/5.0 (Linux; Android 13; CPH2487 Build/SKQ1.221012.001; wv) AppleWebKit/537.36 (KHTML, like Gecko) Version/4.0 Chrome/146.0.7680.164 Mobile Safari/537.36"
cloud_device,cloud_device::33653ff874,1,3,45.0,SM-S938B,manual,"Mozilla/5.0 (Linux; Android 16; SM-S938B Build/BP2A.250605.031.A3; wv) AppleWebKit/537.36 (KHTML, like Gecko) Version/4.0 Chrome/134.0.6998.135 Mobile Safari/537.36"
cloud_device,cloud_device::37b00bbf22,1,1,45.0,SM-N981U,manual,"Mozilla/5.0 (Linux; Android 13; SM-N981U Build/TP1A.220624.014; wv) AppleWebKit/537.36 (KHTML, like Gecko) Version/4.0 Chrome/111.0.5563.116 Mobile Safari/537.36"
cloud_device,cloud_device::5728c0034e,1,1,42.0,SM-S918B,manual,"Mozilla/5.0 (Linux; Android 13; SM-S918B Build/TP1A.220624.014; wv) AppleWebKit/537.36 (KHTML, like Gecko) Version/4.0 Chrome/142.0.7444.171 Mobile Safari/537.36"
cloud_device,cloud_device::834076c97d,1,2,42.0,SM-G996U,manual,"Mozilla/5.0 (Linux; Android 15; SM-G996U Build/AP3A.240905.015.A2; wv) AppleWebKit/537.36 (KHTML, like Gecko) Version/4.0 Chrome/131.0.6778.260 Mobile Safari/537.36"
cloud_device,cloud_device::898aa29b38,1,2,38.0,CPH2557,manual,"Mozilla/5.0 (Linux; Android 14; CPH2557 Build/UP1A.230620.001; wv) AppleWebKit/537.36 (KHTML, like Gecko) Version/4.0 Chrome/122.0.6261.105 Mobile Safari/537.36"
cloud_device,cloud_device::95dd14b836,1,2,38.0,CPH2415,manual,"Mozilla/5.0 (Linux; Android 14; CPH2415 Build/UKQ1.230924.001; wv) AppleWebKit/537.36 (KHTML, like Gecko) Version/4.0 Chrome/127.0.6533.64 Mobile Safari/537.36"
cloud_device,cloud_device::a301098238,1,1,45.0,Pixel 7,manual,"Mozilla/5.0 (Linux; Android 13; Pixel 7 Build/TD1A.220804.009.A2; wv) AppleWebKit/537.36 (KHTML, like Gecko) Version/4.0 Chrome/146.0.7680.164 Mobile Safari/537.36"
cloud_device,cloud_device::ba55a35fe4,1,3,45.0,SM-S901B,manual,"Mozilla/5.0 (Linux; Android 12; SM-S901B Build/SP1A.210812.016; wv) AppleWebKit/537.36 (KHTML, like Gecko) Version/4.0 Chrome/146.0.7680.164 Mobile Safari/537.36"
cloud_device,cloud_device::c787327ce1,1,2,40.0,22122RK93C,manual,"Mozilla/5.0 (Linux; Android 13; 22122RK93C Build/TP1A.220624.014; wv) AppleWebKit/537.36 (KHTML, like Gecko) Version/4.0 Chrome/108.0.5359.128 Mobile Safari/537.36"
cloud_device,cloud_device::f7a3cbe95a,1,2,38.0,CPH2381,manual,"Mozilla/5.0 (Linux; Android 14; CPH2381 Build/UKQ1.230924.001; wv) AppleWebKit/537.36 (KHTML, like Gecko) Version/4.0 Chrome/131.0.6778.260 Mobile Safari/537.36"
physical_device,physical_device::b0d54202bc,37,2,15.0,V2528A,com.android.packageinstaller,"Mozilla/5.0 (Linux; Android 16; V2528A Build/BP2A.250605.031.A3_V000L1; wv) AppleWebKit/537.36 (KHTML, like Gecko) Version/4.0 Chrome/138.0.7204.179 Mobile Safari/537.36"
physical_device,physical_device::2b578f015c,12,1,15.0,PTP-AN00,com.tencent.mtt,"Mozilla/5.0 (Linux; Android 16; PTP-AN00 Build/HONORPTP-AN00; wv) AppleWebKit/537.36 (KHTML, like Gecko) Version/4.0 Chrome/138.0.7204.179 Mobile Safari/537.36"
physical_device,physical_device::b8c01ee2fc,11,2,15.0,2407FRK8EC,com.miui.packageinstaller,"Mozilla/5.0 (Linux; Android 14; 2407FRK8EC Build/UP1A.231005.007; wv) AppleWebKit/537.36 (KHTML, like Gecko) Version/4.0 Chrome/126.0.6478.71 Mobile Safari/537.36"
physical_device,physical_device::30cf0bca19,9,2,15.0,ANG-AN00,com.android.packageinstaller,"Mozilla/5.0 (Linux; Android 12; ANG-AN00 Build/HUAWEIANG-AN00; wv) AppleWebKit/537.36 (KHTML, like Gecko) Version/4.0 Chrome/114.0.5735.196 Mobile Safari/537.36"
physical_device,physical_device::6565ffc4eb,8,2,15.0,V2528A,com.android.packageinstaller,"Mozilla/5.0 (Linux; Android 16; V2528A Build/BP2A.250605.031.A3_V000L1; wv) AppleWebKit/537.36 (KHTML, like Gecko) Version/4.0 Chrome/138.0.7204.179 Mobile Safari/537.36"
physical_device,physical_device::707c0fcd0a,7,1,15.0,V2507A,com.android.packageinstaller,"Mozilla/5.0 (Linux; Android 16; V2507A Build/BP2A.250605.031.A3_V000L1; wv) AppleWebKit/537.36 (KHTML, like Gecko) Version/4.0 Chrome/138.0.7204.179 Mobile Safari/537.36"
physical_device,physical_device::28586ed7eb,6,2,15.0,WDY-AN00,com.tencent.mtt,"Mozilla/5.0 (Linux; Android 13; WDY-AN00 Build/HONORWDY-AN00; wv) AppleWebKit/537.36 (KHTML, like Gecko) Version/4.0 Chrome/99.0.4844.88 Mobile Safari/537.36"
physical_device,physical_device::2be1aaf06a,6,2,15.0,ALH-BD00,com.android.packageinstaller,"Mozilla/5.0 (Linux; Android 11; ALH-BD00 Build/HinovaALH-BD00; wv) AppleWebKit/537.36 (KHTML, like Gecko) Version/4.0 Chrome/114.0.5735.196 Mobile Safari/537.36"
physical_device,physical_device::2bf6a85872,6,2,15.0,V2403A,com.android.packageinstaller,"Mozilla/5.0 (Linux; Android 16; V2403A Build/BP2A.250605.031.A3; wv) AppleWebKit/537.36 (KHTML, like Gecko) Version/4.0 Chrome/138.0.7204.179 Mobile Safari/537.36"
physical_device,physical_device::6f985a48b2,6,2,15.0,ADY-AL10,com.android.packageinstaller,"Mozilla/5.0 (Linux; Android 12; ADY-AL10 Build/HUAWEIADY-AL10; wv) AppleWebKit/537.36 (KHTML, like Gecko) Version/4.0 Chrome/114.0.5735.196 Mobile Safari/537.36"
physical_device,physical_device::ac34ce673e,6,3,15.0,PKG110,com.android.packageinstaller,"Mozilla/5.0 (Linux; Android 16; PKG110 Build/UKQ1.231108.001; wv) AppleWebKit/537.36 (KHTML, like Gecko) Version/4.0 Chrome/138.0.7204.179 Mobile Safari/537.36"
physical_device,physical_device::c84704a242,6,1,15.0,PLV110,com.android.packageinstaller,"Mozilla/5.0 (Linux; Android 16; PLV110 Build/AP3A.240617.008; wv) AppleWebKit/537.36 (KHTML, like Gecko) Version/4.0 Chrome/138.0.7204.179 Mobile Safari/537.36"
physical_device,physical_device::2d2048bec8,5,1,15.0,PHA120,com.android.packageinstaller,"Mozilla/5.0 (Linux; Android 12; PHA120 Build/SKQ1.211209.001; wv) AppleWebKit/537.36 (KHTML, like Gecko) Version/4.0 Chrome/97.0.4692.98 Mobile Safari/537.36"
physical_device,physical_device::54d30361e0,5,1,15.0,PGP110,com.android.packageinstaller,"Mozilla/5.0 (Linux; Android 15; PGP110 Build/AP3A.240617.008; wv) AppleWebKit/537.36 (KHTML, like Gecko) Version/4.0 Chrome/134.0.6998.135 Mobile Safari/537.36"
physical_device,physical_device::64ff093868,5,1,15.0,PLG110,com.android.packageinstaller,"Mozilla/5.0 (Linux; Android 16; PLG110 Build/BP2A.250605.015; wv) AppleWebKit/537.36 (KHTML, like Gecko) Version/4.0 Chrome/134.0.6998.135 Mobile Safari/537.36"
physical_device,physical_device::6d6cfdb801,5,1,15.0,23127PN0CC,com.miui.packageinstaller,"Mozilla/5.0 (Linux; Android 16; 23127PN0CC Build/BP2A.250605.031.A3; wv) AppleWebKit/537.36 (KHTML, like Gecko) Version/4.0 Chrome/137.0.7151.115 Mobile Safari/537.36"
physical_device,physical_device::846b84f08f,5,3,15.0,RMX3092,com.heytap.browser,"Mozilla/5.0 (Linux; Android 12; RMX3092 Build/SP1A.210812.016; wv) AppleWebKit/537.36 (KHTML, like Gecko) Version/4.0 Chrome/97.0.4692.98 Mobile Safari/537.36"
physical_device,physical_device::b7a2341974,5,2,15.0,RMX3357,com.heytap.browser,"Mozilla/5.0 (Linux; Android 13; RMX3357 Build/TP1A.220905.001; wv) AppleWebKit/537.36 (KHTML, like Gecko) Version/4.0 Chrome/103.0.5060.129 Mobile Safari/537.36"
physical_device,physical_device::de9943a847,5,2,15.0,HBN-AL80,com.android.packageinstaller,"Mozilla/5.0 (Linux; Android 12; HBN-AL80 Build/HUAWEIHBN-AL80; wv) AppleWebKit/537.36 (KHTML, like Gecko) Version/4.0 Chrome/114.0.5735.196 Mobile Safari/537.36"
physical_device,physical_device::120a1d275c,4,2,15.0,DBY2-W00,com.android.packageinstaller,"Mozilla/5.0 (Linux; Android 12; DBY2-W00 Build/HUAWEIDBY2-W00; wv) AppleWebKit/537.36 (KHTML, like Gecko) Version/4.0 Chrome/114.0.5735.196 Safari/537.36"
physical_device,physical_device::1d33ac1df3,4,3,15.0,V2364A,com.android.packageinstaller,"Mozilla/5.0 (Linux; Android 14; V2364A Build/UP1A.231005.007; wv) AppleWebKit/537.36 (KHTML, like Gecko) Version/4.0 Chrome/116.0.0.0 Mobile Safari/537.36"
physical_device,physical_device::3fdd1a9775,4,3,15.0,MRK-BD00,com.android.packageinstaller,"Mozilla/5.0 (Linux; Android 11; MRK-BD00 Build/HinovaMRK-BD00; wv) AppleWebKit/537.36 (KHTML, like Gecko) Version/4.0 Chrome/114.0.5735.196 Mobile Safari/537.36"
physical_device,physical_device::4287322941,4,3,15.0,NOH-AN00,com.android.packageinstaller,"Mozilla/5.0 (Linux; Android 12; NOH-AN00 Build/HUAWEINOH-AN00; wv) AppleWebKit/537.36 (KHTML, like Gecko) Version/4.0 Chrome/114.0.5735.196 Mobile Safari/537.36"
physical_device,physical_device::609cc4b520,4,3,15.0,NOH-AN00,com.android.packageinstaller,"Mozilla/5.0 (Linux; Android 12; NOH-AN00 Build/HUAWEINOH-AN00; wv) AppleWebKit/537.36 (KHTML, like Gecko) Version/4.0 Chrome/114.0.5735.196 Mobile Safari/537.36"
physical_device,physical_device::6fc071fe31,4,3,15.0,V2163A,com.android.packageinstaller,"Mozilla/5.0 (Linux; Android 13; V2163A Build/TP1A.220624.014; wv) AppleWebKit/537.36 (KHTML, like Gecko) Version/4.0 Chrome/101.0.4951.74 Mobile Safari/537.36"
physical_device,physical_device::8ccd6e6869,4,2,15.0,2407FRK8EC,com.miui.packageinstaller,"Mozilla/5.0 (Linux; Android 14; 2407FRK8EC Build/UP1A.231005.007; wv) AppleWebKit/537.36 (KHTML, like Gecko) Version/4.0 Chrome/126.0.6478.71 Mobile Safari/537.36"
physical_device,physical_device::8d3b7752e1,4,1,15.0,OCE-AN10,com.android.packageinstaller,"Mozilla/5.0 (Linux; Android 12; OCE-AN10 Build/HUAWEIOCE-AN10; wv) AppleWebKit/537.36 (KHTML, like Gecko) Version/4.0 Chrome/114.0.5735.196 Mobile Safari/537.36"
physical_device,physical_device::9c56d48422,4,3,15.0,WDY-AN00,com.tencent.mtt,"Mozilla/5.0 (Linux; Android 13; WDY-AN00 Build/HONORWDY-AN00; wv) AppleWebKit/537.36 (KHTML, like Gecko) Version/4.0 Chrome/99.0.4844.88 Mobile Safari/537.36"
physical_device,physical_device::9d16664b79,4,3,15.0,VYG-AL00,com.zhuoyi.appstore.lite,"Mozilla/5.0 (Linux; Android 12; VYG-AL00 Build/HUAWEIVYG-AL00; wv) AppleWebKit/537.36 (KHTML, like Gecko) Version/4.0 Chrome/114.0.5735.196 Mobile Safari/537.36"
physical_device,physical_device::ab5c7822ef,4,1,15.0,PKJ110,com.android.packageinstaller,"Mozilla/5.0 (Linux; Android 16; PKJ110 Build/AP3A.240617.008; wv) AppleWebKit/537.36 (KHTML, like Gecko) Version/4.0 Chrome/138.0.7204.179 Mobile Safari/537.36"
physical_device,physical_device::d98be83c4a,4,3,15.0,PKZ110,com.android.packageinstaller,"Mozilla/5.0 (Linux; Android 16; PKZ110 Build/BP2A.250605.015; wv) AppleWebKit/537.36 (KHTML, like Gecko) Version/4.0 Chrome/138.0.7204.179 Mobile Safari/537.36"
physical_device,physical_device::dacb734491,4,3,15.0,V2458A,com.android.packageinstaller,"Mozilla/5.0 (Linux; Android 16; V2458A Build/BP2A.250605.031.A3_V000L1; wv) AppleWebKit/537.36 (KHTML, like Gecko) Version/4.0 Chrome/138.0.7204.179 Mobile Safari/537.36"
physical_device,physical_device::e721d5c0c5,4,1,15.0,PJA110,com.android.packageinstaller,"Mozilla/5.0 (Linux; Android 16; PJA110 Build/BP2A.250605.015; wv) AppleWebKit/537.36 (KHTML, like Gecko) Version/4.0 Chrome/138.0.7204.179 Mobile Safari/537.36"
physical_device,physical_device::09d3ee7907,3,2,15.0,ALN-AL10,com.android.packageinstaller,"Mozilla/5.0 (Linux; Android 12; ALN-AL10 Build/HUAWEIALN-AL10P; wv) AppleWebKit/537.36 (KHTML, like Gecko) Version/4.0 Chrome/114.0.5735.196 Mobile Safari/537.36"
physical_device,physical_device::15b3d504e3,3,1,15.0,24117RK2CC,com.miui.packageinstaller,"Mozilla/5.0 (Linux; Android 16; 24117RK2CC Build/BP2A.250605.031.A3; wv) AppleWebKit/537.36 (KHTML, like Gecko) Version/4.0 Chrome/137.0.7151.115 Mobile Safari/537.36"
physical_device,physical_device::341f7472ec,3,3,15.0,24031PN0DC,com.miui.packageinstaller,"Mozilla/5.0 (Linux; Android 14; 24031PN0DC Build/UKQ1.231003.002; wv) AppleWebKit/537.36 (KHTML, like Gecko) Version/4.0 Chrome/126.0.6478.71 Mobile Safari/537.36"
physical_device,physical_device::3b285a5a8c,3,3,15.0,AMM-AN00,com.tencent.mtt,"Mozilla/5.0 (Linux; Android 16; AMM-AN00 Build/HONORAMM-AN00; wv) AppleWebKit/537.36 (KHTML, like Gecko) Version/4.0 Chrome/138.0.7204.179 Mobile Safari/537.36"
physical_device,physical_device::3b37758086,3,1,15.0,23124RN87C,com.miui.packageinstaller,"Mozilla/5.0 (Linux; Android 13; 23124RN87C Build/TP1A.220624.014; wv) AppleWebKit/537.36 (KHTML, like Gecko) Version/4.0 Chrome/116.0.0.0 Mobile Safari/537.36"
physical_device,physical_device::41840206f4,3,3,15.0,PHJ110,com.android.packageinstaller,"Mozilla/5.0 (Linux; Android 13; PHJ110 Build/TP1A.220905.001; wv) AppleWebKit/537.36 (KHTML, like Gecko) Version/4.0 Chrome/103.0.5060.129 Mobile Safari/537.36"
physical_device,physical_device::466c4cb7e0,3,2,15.0,TAS-AL00,com.android.packageinstaller,"Mozilla/5.0 (Linux; Android 12; TAS-AL00 Build/HUAWEITAS-AL00; wv) AppleWebKit/537.36 (KHTML, like Gecko) Version/4.0 Chrome/114.0.5735.196 Mobile Safari/537.36"
physical_device,physical_device::5628f20964,3,2,15.0,V2506A,com.android.packageinstaller,"Mozilla/5.0 (Linux; Android 15; V2506A Build/AP3A.240905.015.A2_V000L1; wv) AppleWebKit/537.36 (KHTML, like Gecko) Version/4.0 Chrome/126.0.6478.71 Mobile Safari/537.36"
physical_device,physical_device::619f583ea6,3,1,15.0,23127PN0CC,com.miui.packageinstaller,"Mozilla/5.0 (Linux; Android 16; 23127PN0CC Build/BP2A.250605.031.A3; wv) AppleWebKit/537.36 (KHTML, like Gecko) Version/4.0 Chrome/137.0.7151.115 Mobile Safari/537.36"
physical_device,physical_device::6657d8376e,3,3,15.0,V2279A,com.android.packageinstaller,"Mozilla/5.0 (Linux; Android 13; V2279A Build/TP1A.220624.014; wv) AppleWebKit/537.36 (KHTML, like Gecko) Version/4.0 Chrome/120.0.6099.193 Mobile Safari/537.36"
physical_device,physical_device::6b641b03cf,3,3,15.0,Hebe-BD00,com.android.packageinstaller,"Mozilla/5.0 (Linux; Android 11; Hebe-BD00 Build/HinovaHebe-BD00; wv) AppleWebKit/537.36 (KHTML, like Gecko) Version/4.0 Chrome/114.0.5735.196 Mobile Safari/537.36"
physical_device,physical_device::892e732712,3,1,15.0,PJG110,com.android.packageinstaller,"Mozilla/5.0 (Linux; Android 14; PJG110 Build/UKQ1.230924.001; wv) AppleWebKit/537.36 (KHTML, like Gecko) Version/4.0 Chrome/117.0.0.0 Mobile Safari/537.36"
physical_device,physical_device::9d15c15999,3,1,15.0,BRC-AN00,com.hihonor.filemanager,"Mozilla/5.0 (Linux; Android 15; BRC-AN00 Build/HONORBRC-AN00; wv) AppleWebKit/537.36 (KHTML, like Gecko) Version/4.0 Chrome/137.0.7151.115 Mobile Safari/537.36"
physical_device,physical_device::a9b4126cdf,3,3,15.0,VYG-AL00,com.zhuoyi.appstore.lite,"Mozilla/5.0 (Linux; Android 12; VYG-AL00 Build/HUAWEIVYG-AL00; wv) AppleWebKit/537.36 (KHTML, like Gecko) Version/4.0 Chrome/114.0.5735.196 Mobile Safari/537.36"
physical_device,physical_device::ed14d425ba,3,3,15.0,HBP-AL00,com.android.packageinstaller,"Mozilla/5.0 (Linux; Android 12; HBP-AL00 Build/HUAWEIHBP-AL00; wv) AppleWebKit/537.36 (KHTML, like Gecko) Version/4.0 Chrome/114.0.5735.196 Mobile Safari/537.36"
physical_device,physical_device::fb39782b31,3,2,15.0,PHZ110,com.android.packageinstaller,"Mozilla/5.0 (Linux; Android 16; PHZ110 Build/BP2A.250605.015; wv) AppleWebKit/537.36 (KHTML, like Gecko) Version/4.0 Chrome/138.0.7204.179 Mobile Safari/537.36"
physical_device,physical_device::04909fd3a0,2,1,15.0,LNA-AL00,com.android.packageinstaller,"Mozilla/5.0 (Linux; Android 12; LNA-AL00 Build/HUAWEILNA-AL00; wv) AppleWebKit/537.36 (KHTML, like Gecko) Version/4.0 Chrome/114.0.5735.196 Mobile Safari/537.36"
physical_device,physical_device::096a0286d0,2,2,15.0,24129RT7CC,com.miui.packageinstaller,"Mozilla/5.0 (Linux; Android 16; 24129RT7CC Build/BP2A.250605.031.A3; wv) AppleWebKit/537.36 (KHTML, like Gecko) Version/4.0 Chrome/137.0.7151.115 Mobile Safari/537.36"
physical_device,physical_device::0d11823f25,2,1,15.0,V2163A,com.android.packageinstaller,"Mozilla/5.0 (Linux; Android 14; V2163A Build/UP1A.231005.007; wv) AppleWebKit/537.36 (KHTML, like Gecko) Version/4.0 Chrome/116.0.0.0 Mobile Safari/537.36"
physical_device,physical_device::1059929ab1,2,2,15.0,24129PN74C,com.miui.packageinstaller,"Mozilla/5.0 (Linux; Android 16; 24129PN74C Build/BP2A.250605.031.A3; wv) AppleWebKit/537.36 (KHTML, like Gecko) Version/4.0 Chrome/145.0.7632.159 Mobile Safari/537.36"
physical_device,physical_device::221dae5d81,2,3,15.0,REA-AN00,com.tencent.mtt,"Mozilla/5.0 (Linux; Android 15; REA-AN00 Build/HONORREA-AN00; wv) AppleWebKit/537.36 (KHTML, like Gecko) Version/4.0 Chrome/137.0.7151.115 Mobile Safari/537.36"
physical_device,physical_device::390a072df6,2,3,15.0,PLY110,com.android.packageinstaller,"Mozilla/5.0 (Linux; Android 16; PLY110 Build/BP2A.250605.015; wv) AppleWebKit/537.36 (KHTML, like Gecko) Version/4.0 Chrome/138.0.7204.179 Mobile Safari/537.36"
physical_device,physical_device::3a514f9228,2,1,15.0,OCE-AN50,com.android.packageinstaller,"Mozilla/5.0 (Linux; Android 12; OCE-AN50 Build/HUAWEIOCE-AN50; wv) AppleWebKit/537.36 (KHTML, like Gecko) Version/4.0 Chrome/114.0.5735.196 Mobile Safari/537.36"
physical_device,physical_device::5c3f962bcc,2,2,15.0,2407FRK8EC,com.miui.packageinstaller,"Mozilla/5.0 (Linux; Android 16; 2407FRK8EC Build/BP2A.250605.031.A3; wv) AppleWebKit/537.36 (KHTML, like Gecko) Version/4.0 Chrome/143.0.7499.34 Mobile Safari/537.36"
physical_device,physical_device::a931f63d47,2,1,15.0,PLA110,com.android.packageinstaller,"Mozilla/5.0 (Linux; Android 16; PLA110 Build/BP2A.250605.015; wv) AppleWebKit/537.36 (KHTML, like Gecko) Version/4.0 Chrome/138.0.7204.179 Mobile Safari/537.36"
physical_device,physical_device::d3f308485e,2,3,15.0,V2359A,com.android.packageinstaller,"Mozilla/5.0 (Linux; Android 16; V2359A Build/BP2A.250605.031.A3; wv) AppleWebKit/537.36 (KHTML, like Gecko) Version/4.0 Chrome/145.0.7632.120 Mobile Safari/537.36"
physical_device,physical_device::f45dea1230,2,2,15.0,SM-S9180,com.samsung.android.packageinstaller,"Mozilla/5.0 (Linux; Android 16; SM-S9180 Build/BP2A.250605.031.A3; wv) AppleWebKit/537.36 (KHTML, like Gecko) Version/4.0 Chrome/134.0.6998.135 Mobile Safari/537.36"
physical_device,physical_device::06880e183f,1,3,15.0,BRQ-AN00,com.android.packageinstaller,"Mozilla/5.0 (Linux; Android 12; BRQ-AN00 Build/HUAWEIBRQ-AN00; wv) AppleWebKit/537.36 (KHTML, like Gecko) Version/4.0 Chrome/114.0.5735.196 Mobile Safari/537.36"
physical_device,physical_device::433512efce,1,1,15.0,ELS-AN00,com.android.packageinstaller,"Mozilla/5.0 (Linux; Android 12; ELS-AN00 Build/HUAWEIELS-AN00; wv) AppleWebKit/537.36 (KHTML, like Gecko) Version/4.0 Chrome/114.0.5735.196 Mobile Safari/537.36"
physical_device,physical_device::46de44366b,1,2,15.0,PGT-AN00,com.tencent.mtt,"Mozilla/5.0 (Linux; Android 16; PGT-AN00 Build/HONORPGT-AN00; wv) AppleWebKit/537.36 (KHTML, like Gecko) Version/4.0 Chrome/138.0.7204.179 Mobile Safari/537.36"
physical_device,physical_device::50967ff908,1,3,15.0,ANY-AN00,cn.wps.moffice_eng,"Mozilla/5.0 (Linux; Android 13; ANY-AN00 Build/HONORANY-AN00; wv) AppleWebKit/537.36 (KHTML, like Gecko) Version/4.0 Chrome/99.0.4844.88 Mobile Safari/537.36"
physical_device,physical_device::c2515f2f11,1,1,15.0,SM-W9023,com.samsung.android.packageinstaller,"Mozilla/5.0 (Linux; Android 14; SM-W9023 Build/UP1A.231005.007; wv) AppleWebKit/537.36 (KHTML, like Gecko) Version/4.0 Chrome/117.0.0.0 Mobile Safari/537.36"
script_attack,script_attack::api_replay,104,1,93.1826923076923,,,python-requests/2.25.1
script_attack,script_attack::headless_pc,99,3,96.18181818181819,Windows PC Fake,com.android.packageinstaller,Mozilla/5.0 (Windows NT 10.0; Win64; x64) HeadlessChrome/120.0.0.0 Safari/537.36
script_attack,script_attack::cheap_emulator,97,2,96.20618556701031,Unknown,manual,Mozilla/5.0 (Linux; Android 13) AppleWebKit/537.36 Chrome/114.0.0.0 Mobile Safari/537.36
